datetime, Max, Min, Average,
06/01/2018 00,19.70000076,19.29999924,19.60678007, 
06/01/2018 01,19.39999962,19,19.1440678, 
06/01/2018 02,19.10000038,18.70000076,18.89999965, 
06/01/2018 03,19.39999962,18.70000076,19.19999971, 
06/01/2018 04,19.39999962,19,19.17931073, 
06/01/2018 05,19.60000038,19.20000076,19.42666655, 
06/01/2018 06,19.79999924,19.20000076,19.51896559, 
06/01/2018 07,19.20000076,18,18.42166694, 
06/01/2018 08,19.39999962,18.29999924,18.99833326, 
06/01/2018 09,22.5,19.5,21.07966103, 
06/01/2018 10,24,22.10000038,22.96610169, 
06/01/2018 11,25,23.60000038,24.18666658, 
06/01/2018 12,26.60000038,24.5,25.4034483, 
06/01/2018 13,27.39999962,26,26.64499995, 
06/01/2018 14,27.29999924,24.79999924,26.1266667, 
06/01/2018 15,26.10000038,24,24.86999985, 
06/01/2018 16,26.79999924,25.29999924,25.92000001, 
06/01/2018 17,25.60000038,24.60000038,25.04333363, 
06/01/2018 18,24.60000038,23.20000076,23.88666681, 
06/01/2018 19,23.20000076,22.79999924,22.9816666, 
06/01/2018 20,22.89999962,22.5,22.73833329, 
06/01/2018 21,22.5,22,22.3049997, 
06/01/2018 22,22,21.79999924,21.89833295, 
06/01/2018 23,21.89999962,21.20000076,21.64166648, 
06/02/2018 00,21.20000076,20.20000076,20.85166667, 
06/02/2018 01,20.10000038,19.60000038,19.90333331, 
06/02/2018 02,19.60000038,19.29999924,19.49833333, 
06/02/2018 03,19.39999962,19.10000038,19.28644048, 
06/02/2018 04,19.5,19.20000076,19.33999971, 
06/02/2018 05,19.5,19.20000076,19.35666663, 
06/02/2018 06,19.70000076,19.20000076,19.47666661, 
06/02/2018 07,20.5,19.70000076,20.17333326, 
06/02/2018 08,21.70000076,20.5,21.12166681, 
06/02/2018 09,23.10000038,21.60000038,22.19666672, 
06/02/2018 10,23.70000076,23,23.45166683, 
06/02/2018 11,24.79999924,23.60000038,24.20333331, 
06/02/2018 12,26,24.5,25.27999992, 
06/02/2018 13,26.29999924,25.70000076,26.00999982, 
06/02/2018 14,26.10000038,23.70000076,25.04500008, 
06/02/2018 15,23.70000076,22.60000038,23.18305077, 
06/02/2018 16,23.60000038,22.60000038,23.24166654, 
06/02/2018 17,23.89999962,23.29999924,23.65166674, 
06/02/2018 18,23.79999924,22.39999962,22.97000014, 
06/02/2018 19,22.39999962,21.60000038,21.96000013, 
06/02/2018 20,21.60000038,21,21.30666682, 
06/02/2018 21,21,20.5,20.80166655, 
06/02/2018 22,20.70000076,20.10000038,20.35833362, 
06/02/2018 23,20.20000076,20,20.09166702, 
06/03/2018 00,20.10000038,19.79999924,19.97999992, 
06/03/2018 01,19.79999924,19.60000038,19.66500034, 
06/03/2018 02,19.60000038,19.39999962,19.4816666, 
06/03/2018 03,19.29999924,18.89999962,19.10000006, 
06/03/2018 04,18.89999962,18.39999962,18.70499986, 
06/03/2018 05,18.70000076,18.20000076,18.36999963, 
06/03/2018 06,19.89999962,18.70000076,19.28833329, 
06/03/2018 07,21.5,20,20.60833343, 
06/03/2018 08,24.29999924,21.5,22.61833334, 
06/03/2018 09,26.10000038,24.20000076,24.89666659, 
06/03/2018 10,27.29999924,25.79999924,26.59333331, 
06/03/2018 11,28.5,27.10000038,27.85166661, 
06/03/2018 12,28.79999924,26.70000076,27.59333331, 
06/03/2018 13,26.70000076,17.5,21.84833345, 
06/03/2018 14,19.60000038,18.70000076,19.36499987, 
06/03/2018 15,20.39999962,19.29999924,19.9016667, 
06/03/2018 16,21.60000038,20.5,21.03500004, 
06/03/2018 17,24.20000076,21.60000038,23.35666669, 
06/03/2018 18,23.79999924,22.5,23.27166675, 
06/03/2018 19,22.5,21.89999962,22.25166664, 
06/03/2018 20,22,21.79999924,21.88333289, 
06/03/2018 21,21.79999924,21.5,21.68000024, 
06/03/2018 22,21.60000038,21.20000076,21.34166641, 
06/03/2018 23,21.20000076,20.60000038,20.89000025, 
06/04/2018 00,20.70000076,20.5,20.62833382, 
06/04/2018 01,20.60000038,20.29999924,20.38666623, 
06/04/2018 02,20.39999962,20.29999924,20.33389767, 
06/04/2018 03,20.29999924,19.79999924,20.05333341, 
06/04/2018 04,19.89999962,19.60000038,19.73166679, 
06/04/2018 05,20.60000038,19.89999962,20.24406769, 
06/04/2018 06,21.29999924,20.70000076,20.93220362, 
06/04/2018 07,22.60000038,21.29999924,21.79322029, 
06/04/2018 08,25,22.60000038,23.58666677, 
06/04/2018 09,26.10000038,24.70000076,25.33333333, 
06/04/2018 10,28.10000038,26,26.86333342, 
06/04/2018 11,28.89999962,27.89999962,28.33833351, 
06/04/2018 12,28.70000076,27.39999962,28.10499992, 
06/04/2018 13,28.5,25.39999962,27.80999985, 
06/04/2018 14,25.5,20,22.78499994, 
06/04/2018 15,20.60000038,19.89999962,20.15084755, 
06/04/2018 16,21.70000076,20,20.73559334, 
06/04/2018 17,25.20000076,21.79999924,23.74745763, 
06/04/2018 18,25,23.39999962,24.4745763, 
06/04/2018 19,23.5,23.20000076,23.32499952, 
06/04/2018 20,23.20000076,22.89999962,23.04666684, 
06/04/2018 21,23,22.60000038,22.76166674, 
06/04/2018 22,22.70000076,22.10000038,22.32166675, 
06/04/2018 23,22.10000038,22,22.05833356, 
06/05/2018 00,22,21.5,21.72166678, 
06/05/2018 01,21.70000076,21.39999962,21.59000034, 
06/05/2018 02,21.39999962,21,21.14576304, 
06/05/2018 03,21.5,21,21.30333306, 
06/05/2018 04,21.70000076,21,21.37288158, 
06/05/2018 05,21,20.20000076,20.72666658, 
06/05/2018 06,20.29999924,18.89999962,19.7862071, 
06/05/2018 07,19.20000076,18.70000076,18.82203406, 
06/05/2018 08,19.5,18.60000038,19.05500005, 
06/05/2018 09,21.10000038,19.29999924,20.00000006, 
06/05/2018 10,25.29999924,21.10000038,23.45666679, 
06/05/2018 11,26.60000038,25.29999924,26.04166657, 
06/05/2018 12,28.70000076,26.60000038,27.6450002, 
06/05/2018 13,29.60000038,28.39999962,29.15333328, 
06/05/2018 14,31,29.29999924,30.01551714, 
06/05/2018 15,30.79999924,28.5,29.45999997, 
06/05/2018 16,29.5,28,28.64833342, 
06/05/2018 17,28.29999924,26.39999962,27.29833317, 
06/05/2018 18,26.39999962,24.5,25.87999989, 
06/05/2018 19,24.29999924,22.10000038,22.47833347, 
06/05/2018 20,22.70000076,22.20000076,22.49333359, 
06/05/2018 21,22.70000076,22.29999924,22.57833363, 
06/05/2018 22,22.79999924,22.29999924,22.56166687, 
06/05/2018 23,22.60000038,22.10000038,22.3322033, 
06/06/2018 00,22.20000076,21.89999962,22, 
06/06/2018 01,21.89999962,21.70000076,21.80344805, 
06/06/2018 02,22,21.70000076,21.88166656, 
06/06/2018 03,21.70000076,21.10000038,21.3950003, 
06/06/2018 04,21.20000076,20.79999924,20.97288125, 
06/06/2018 05,21.5,20.89999962,21.07333326, 
06/06/2018 06,22.70000076,21.5,22.05166683, 
06/06/2018 07,24.29999924,22.70000076,23.6266668, 
06/06/2018 08,26,24.29999924,25.21833321, 
06/06/2018 09,27.60000038,25.79999924,26.48666658, 
06/06/2018 10,28.29999924,27.10000038,27.55932213, 
06/06/2018 11,29.20000076,27.60000038,28.34067813, 
06/06/2018 12,29.89999962,29,29.41499999, 
06/06/2018 13,30,27.89999962,29.02666683, 
06/06/2018 14,28.20000076,27.5,27.87500013, 
06/06/2018 15,29.89999962,27.79999924,28.69000009, 
06/06/2018 16,30.29999924,28.79999924,29.5983332, 
06/06/2018 17,29.5,28.20000076,29.03000015, 
06/06/2018 18,28.39999962,24.70000076,27.01864417, 
06/06/2018 19,24.60000038,20.20000076,22.61499996, 
06/06/2018 20,20.29999924,19.79999924,20.0566665, 
06/06/2018 21,20.79999924,20.20000076,20.47833322, 
06/06/2018 22,20.60000038,20.29999924,20.44915235, 
06/06/2018 23,20.60000038,20.29999924,20.45333316, 
06/07/2018 00,20.89999962,20.60000038,20.7350002, 
06/07/2018 01,20.79999924,20.5,20.65500053, 
06/07/2018 02,20.70000076,20.5,20.61500044, 
06/07/2018 03,20.60000038,20.20000076,20.4149998, 
06/07/2018 04,20.39999962,20.20000076,20.27068957, 
06/07/2018 05,20.5,20.20000076,20.2733333, 
06/07/2018 06,20.79999924,20.29999924,20.59833342, 
06/07/2018 07,21.10000038,20.39999962,20.77999992, 
06/07/2018 08,21.89999962,20.60000038,21.27666674, 
06/07/2018 09,25.10000038,21.70000076,23.03000002, 
06/07/2018 10,26.60000038,25,25.76333342, 
06/07/2018 11,27.60000038,26.10000038,27.11694924, 
06/07/2018 12,27.89999962,26.60000038,27.23000005, 
06/07/2018 13,29,27.10000038,27.73666652, 
06/07/2018 14,29.39999962,28.5,28.9516667, 
06/07/2018 15,29.29999924,28.60000038,28.95666676, 
06/07/2018 16,30,27.39999962,28.4499999, 
06/07/2018 17,28,26.79999924,27.35833314, 
06/07/2018 18,27.10000038,24,24.71034494, 
06/07/2018 19,24.39999962,23.5,24.14000003, 
06/07/2018 20,23.5,22.70000076,22.8850002, 
06/07/2018 21,22.89999962,22.60000038,22.77288114, 
06/07/2018 22,22.70000076,22.29999924,22.51666673, 
06/07/2018 23,22.60000038,22.39999962,22.52833344, 
06/08/2018 00,22.39999962,22.20000076,22.2933327, 
06/08/2018 01,22.60000038,22.29999924,22.40333296, 
06/08/2018 02,22.5,22.29999924,22.45254219, 
06/08/2018 03,22.29999924,21.79999924,22.03833332, 
06/08/2018 04,21.79999924,21.29999924,21.53666677, 
06/08/2018 05,21.89999962,21.29999924,21.52833309, 
06/08/2018 06,22.70000076,21.89999962,22.32833338, 
06/08/2018 07,23.20000076,22.70000076,23.00166674, 
06/08/2018 08,24.29999924,22.89999962,23.60499992, 
06/08/2018 09,25.10000038,24.20000076,24.49666691, 
06/08/2018 10,25.60000038,25,25.21166681, 
06/08/2018 11,25.60000038,24.20000076,24.98833342, 
06/08/2018 12,24.20000076,23.10000038,23.5542375, 
06/08/2018 13,24.20000076,23.20000076,23.7066666, 
06/08/2018 14,26,24,25.17166662, 
06/08/2018 15,27,25.79999924,26.51833331, 
06/08/2018 16,27,26.29999924,26.578333, 
06/08/2018 17,27.39999962,26.29999924,26.70833302, 
06/08/2018 18,26.29999924,25.29999924,25.87833335, 
06/08/2018 19,25.29999924,24.10000038,24.49833339, 
06/08/2018 20,24.10000038,23.5,23.77499997, 
06/08/2018 21,23.5,23.10000038,23.27457615, 
06/08/2018 22,23.10000038,22.5,22.77288114, 
06/08/2018 23,22.60000038,22.39999962,22.51666673, 
06/09/2018 00,22.29999924,22.20000076,22.25999985, 
06/09/2018 01,22.29999924,21.89999962,22.15333382, 
06/09/2018 02,21.89999962,21.89999962,21.89999962, 
06/09/2018 03,21.89999962,21.79999924,21.8516661, 
06/09/2018 04,21.89999962,21.70000076,21.81499952, 
06/09/2018 05,22,21.70000076,21.79166641, 
06/09/2018 06,22.89999962,22,22.56999989, 
06/09/2018 07,24.39999962,22.89999962,23.51666673, 
06/09/2018 08,26.79999924,24.39999962,25.38333317, 
06/09/2018 09,27.89999962,26.39999962,27.22833338, 
06/09/2018 10,29,27.70000076,28.49666656, 
06/09/2018 11,29.29999924,28.20000076,28.62033892, 
06/09/2018 12,29.29999924,28.29999924,28.7933334, 
06/09/2018 13,29.20000076,27.89999962,28.52333336, 
06/09/2018 14,29.20000076,22.29999924,26.69000003, 
06/09/2018 15,23,22.20000076,22.57166665, 
06/09/2018 16,24.10000038,22.60000038,23.23000011, 
06/09/2018 17,25.79999924,23.89999962,25.12333349, 
06/09/2018 18,25,24.60000038,24.83333343, 
06/09/2018 19,24.60000038,24.29999924,24.45833317, 
06/09/2018 20,24.39999962,24.10000038,24.23666668, 
06/09/2018 21,24.29999924,23.89999962,24.00666666, 
06/09/2018 22,23.89999962,23.79999924,23.87833287, 
06/09/2018 23,23.79999924,23.60000038,23.70166686, 
06/10/2018 00,23.60000038,23.20000076,23.3816666, 
06/10/2018 01,23.29999924,23,23.11666705, 
06/10/2018 02,23.20000076,22.89999962,23.00689658, 
06/10/2018 03,23,22.20000076,22.42033887, 
06/10/2018 04,22.20000076,21.60000038,21.86333329, 
06/10/2018 05,21.60000038,21,21.41499996, 
06/10/2018 06,21,20.5,20.73166698, 
06/10/2018 07,21.60000038,20.70000076,21.12203401, 
06/10/2018 08,24,21.39999962,22.29000018, 
06/10/2018 09,26.39999962,24.20000076,25.26833337, 
06/10/2018 10,28.29999924,26.39999962,27.17796613, 
06/10/2018 11,29.39999962,28.20000076,28.91666676, 
06/10/2018 12,30,28.5,29.39833336, 
06/10/2018 13,29.89999962,27.79999924,28.7189654, 
06/10/2018 14,30,29.10000038,29.63728808, 
06/10/2018 15,29.5,28.39999962,28.9983333, 
06/10/2018 16,30.10000038,29.20000076,29.6049998, 
06/10/2018 17,29.60000038,28.10000038,28.9694916, 
06/10/2018 18,28.10000038,26.70000076,27.54745765, 
06/10/2018 19,26.5,23.20000076,24.56949147, 
06/10/2018 20,23.20000076,21.79999924,22.31551703, 
06/10/2018 21,22.20000076,21.89999962,22.07457656, 
06/10/2018 22,22.79999924,22.20000076,22.54406774, 
06/10/2018 23,22.39999962,22.20000076,22.30166632, 
06/11/2018 00,22.29999924,21.89999962,22.21833305, 
06/11/2018 01,22,21.70000076,21.86666648, 
06/11/2018 02,21.70000076,21.5,21.57666696, 
06/11/2018 03,21.60000038,21.20000076,21.34833355, 
06/11/2018 04,21.20000076,20.89999962,21.06500025, 
06/11/2018 05,21.60000038,20.79999924,21.03499975, 
06/11/2018 06,22.60000038,21.70000076,22.06666644, 
06/11/2018 07,23.89999962,22.5,23.24833336, 
06/11/2018 08,26,24,25.10169492, 
06/11/2018 09,27.29999924,26.10000038,26.83333352, 
06/11/2018 10,28.20000076,27.10000038,27.79499979, 
06/11/2018 11,28.79999924,27.70000076,28.24333331, 
06/11/2018 12,29.5,26.39999962,27.90499996, 
06/11/2018 13,28.79999924,26.89999962,27.7833333, 
06/11/2018 14,28.79999924,27.60000038,28.12833344, 
06/11/2018 15,29.39999962,28,28.49833323, 
06/11/2018 16,29.60000038,29,29.21500012, 
06/11/2018 17,29.60000038,27.39999962,28.25932215, 
06/11/2018 18,27.39999962,26.5,26.95833346, 
06/11/2018 19,26.5,26,26.23898299, 
06/11/2018 20,26,25.29999924,25.75333309, 
06/11/2018 21,25.29999924,24.79999924,25.03666636, 
06/11/2018 22,24.79999924,24.20000076,24.3133337, 
06/11/2018 23,24.20000076,23.89999962,24.12166713, 
06/12/2018 00,24.10000038,18.89999962,22.35333328, 
06/12/2018 01,19.10000038,18.70000076,18.81379318, 
06/12/2018 02,19.39999962,18.70000076,19.16000007, 
06/12/2018 03,19.70000076,19.29999924,19.48833329, 
06/12/2018 04,19.60000038,19.20000076,19.44833326, 
06/12/2018 05,19.70000076,19.20000076,19.32166672, 
06/12/2018 06,20,19.60000038,19.79000003, 
06/12/2018 07,20.20000076,19.79999924,19.99833333, 
06/12/2018 08,21.89999962,20.20000076,20.91666667, 
06/12/2018 09,26.29999924,21.70000076,23.67000001, 
06/12/2018 10,27.20000076,26.10000038,26.59491545, 
06/12/2018 11,28.60000038,27.10000038,27.75689658, 
06/12/2018 12,28.5,27.5,27.86949142, 
06/12/2018 13,29.29999924,27.5,28.60499999, 
06/12/2018 14,29.29999924,28.70000076,28.98983057, 
06/12/2018 15,29.10000038,28.29999924,28.76500003, 
06/12/2018 16,28.70000076,28.10000038,28.41355938, 
06/12/2018 17,28.60000038,27.39999962,28.02542379, 
06/12/2018 18,27.39999962,26,26.7666667, 
06/12/2018 19,25.89999962,25.39999962,25.60999997, 
06/12/2018 20,25.39999962,24.79999924,25.17118635, 
06/12/2018 21,25,24.5,24.73389836, 
06/12/2018 22,24.5,24.10000038,24.31166668, 
06/12/2018 23,24.10000038,23.79999924,23.913333, 
06/13/2018 00,23.79999924,23.60000038,23.66101743, 
06/13/2018 01,23.60000038,23,23.24666678, 
06/13/2018 02,23,22.70000076,22.87457589, 
06/13/2018 03,22.79999924,22.5,22.6379312, 
06/13/2018 04,22.79999924,22.10000038,22.53166672, 
06/13/2018 05,22.10000038,21.89999962,21.99649121, 
06/13/2018 06,22.70000076,22.10000038,22.33833326, 
06/13/2018 07,24.70000076,22.79999924,23.66779644, 
06/13/2018 08,25.60000038,24.60000038,25.09666646, 
06/13/2018 09,26.79999924,25.39999962,26.02666655, 
06/13/2018 10,27.70000076,26.20000076,27.11333332, 
06/13/2018 11,28.39999962,27.39999962,27.82833338, 
06/13/2018 12,28.89999962,28,28.53166676, 
06/13/2018 13,28.89999962,28.10000038,28.51833334, 
06/13/2018 14,28.89999962,26.29999924,27.54000015, 
06/13/2018 15,28.79999924,26.39999962,27.88833319, 
06/13/2018 16,29.10000038,27,28.36440697, 
06/13/2018 17,27.10000038,26.60000038,26.80999975, 
06/13/2018 18,27.10000038,26,26.4333334, 
06/13/2018 19,26,25.39999962,25.67833338, 
06/13/2018 20,25.39999962,25,25.13965521, 
06/13/2018 21,25,24.20000076,24.75423719, 
06/13/2018 22,24.20000076,23.89999962,24.04666684, 
06/13/2018 23,24.10000038,23.60000038,23.90000021, 
06/14/2018 00,23.70000076,23.29999924,23.47796602, 
06/14/2018 01,23.39999962,22.70000076,23.14067779, 
06/14/2018 02,22.70000076,22.20000076,22.56000029, 
06/14/2018 03,22.29999924,21.5,22.01525465, 
06/14/2018 04,21.89999962,21.5,21.73559312, 
06/14/2018 05,21.89999962,21.70000076,21.81999982, 
06/14/2018 06,22.70000076,22,22.45833352, 
06/14/2018 07,23.5,22.70000076,22.98666668, 
06/14/2018 08,25.10000038,23.60000038,24.33833335, 
06/14/2018 09,26.60000038,25.10000038,25.71333329, 
06/14/2018 10,27.29999924,26,26.70000008, 
06/14/2018 11,28.20000076,26.79999924,27.3266667, 
06/14/2018 12,27.39999962,26.70000076,27.13666639, 
06/14/2018 13,28.29999924,27.39999962,27.81166655, 
06/14/2018 14,27.39999962,24.60000038,25.82666664, 
06/14/2018 15,27.10000038,25.10000038,26.6288136, 
06/14/2018 16,27.39999962,26.79999924,27.11166655, 
06/14/2018 17,26.70000076,23.29999924,25.28666652, 
06/14/2018 18,23.20000076,21.20000076,22.23499994, 
06/14/2018 19,21.39999962,21.29999924,21.36333281, 
06/14/2018 20,21.89999962,21.39999962,21.67000001, 
06/14/2018 21,22.70000076,21.89999962,22.2583334, 
06/14/2018 22,22.70000076,22.29999924,22.51016953, 
06/14/2018 23,22.29999924,22,22.15166696, 
06/15/2018 00,22,21.89999962,21.95999985, 
06/15/2018 01,21.89999962,21.5,21.60666685, 
06/15/2018 02,21.5,21.39999962,21.45499983, 
06/15/2018 03,21.39999962,20.29999924,20.94576241, 
06/15/2018 04,20.39999962,20,20.15666682, 
06/15/2018 05,20.29999924,20,20.14166714, 
06/15/2018 06,20.29999924,19.89999962,20.03050849, 
06/15/2018 07,20.20000076,19.70000076,19.97999996, 
06/15/2018 08,20.39999962,19.89999962,20.12500016, 
06/15/2018 09,20.10000038,19.70000076,19.91166636, 
06/15/2018 10,21.20000076,19.89999962,20.64000009, 
06/15/2018 11,23.10000038,21.20000076,22.28983058, 
06/15/2018 12,24.29999924,23,23.62499994, 
06/15/2018 13,25.39999962,24,24.82542374, 
06/15/2018 14,25.70000076,25.20000076,25.45666653, 
06/15/2018 15,27.20000076,25.70000076,26.42666683, 
06/15/2018 16,26.89999962,25.70000076,26.0716664, 
06/15/2018 17,25.70000076,24.20000076,24.82833341, 
06/15/2018 18,24.29999924,22.29999924,23.7350001, 
06/15/2018 19,22.29999924,21.89999962,22.00847458, 
06/15/2018 20,22.10000038,22,22.05500021, 
06/15/2018 21,22.20000076,21.89999962,22.0775865, 
06/15/2018 22,21.89999962,21.29999924,21.42999957, 
06/15/2018 23,21.29999924,20.39999962,20.91166668, 
06/16/2018 00,21,20.20000076,20.46833296, 
06/16/2018 01,20.70000076,20.20000076,20.42586192, 
06/16/2018 02,20.29999924,19.70000076,20.01833353, 
06/16/2018 03,19.79999924,19.60000038,19.69322053, 
06/16/2018 04,19.70000076,19.5,19.55166686, 
06/16/2018 05,19.89999962,19.60000038,19.73559341, 
06/16/2018 06,20.39999962,19.79999924,19.99999974, 
06/16/2018 07,21.79999924,20.39999962,21.11666673, 
06/16/2018 08,22.70000076,21.70000076,22.10666672, 
06/16/2018 09,23.29999924,22.60000038,22.95666666, 
06/16/2018 10,24.20000076,23.29999924,23.71551711, 
06/16/2018 11,23.70000076,23.29999924,23.54107159, 
06/16/2018 12,25.60000038,23.70000076,24.71999985, 
06/16/2018 13,24.79999924,22.79999924,24.32833335, 
06/16/2018 14,24.79999924,22.70000076,23.73389849, 
06/16/2018 15,25.20000076,24.29999924,24.75932192, 
06/16/2018 16,24.29999924,23.70000076,23.91666657, 
06/16/2018 17,23.79999924,22.10000038,23.51333338, 
06/16/2018 18,22.10000038,21.20000076,21.58833335, 
06/16/2018 19,21.20000076,20.5,20.87333342, 
06/16/2018 20,20.60000038,20.39999962,20.5250001, 
06/16/2018 21,20.89999962,20.5,20.65666704, 
06/16/2018 22,20.60000038,20.10000038,20.37499978, 
06/16/2018 23,20.29999924,20.10000038,20.20333376, 
06/17/2018 00,20.29999924,20.10000038,20.19833387, 
06/17/2018 01,20.29999924,20,20.19666688, 
06/17/2018 02,20.39999962,20.20000076,20.36499952, 
06/17/2018 03,20.39999962,20.10000038,20.20833371, 
06/17/2018 04,20.39999962,20.10000038,20.26499968, 
06/17/2018 05,20.39999962,20.20000076,20.26500003, 
06/17/2018 06,20.60000038,20.20000076,20.41666638, 
06/17/2018 07,21.20000076,20.60000038,20.89830518, 
06/17/2018 08,22.89999962,21.20000076,22.05423724, 
06/17/2018 09,24.20000076,23,23.46610192, 
06/17/2018 10,26.29999924,24.10000038,25.21666676, 
06/17/2018 11,26.20000076,23,25.01166655, 
06/17/2018 12,24.29999924,22.70000076,23.15423704, 
06/17/2018 13,24.60000038,23,23.86833337, 
06/17/2018 14,25.60000038,23,24.38166669, 
06/17/2018 15,26.79999924,25.39999962,26.2864408, 
06/17/2018 16,27.20000076,26.39999962,26.82833344, 
06/17/2018 17,26.29999924,25.29999924,25.64499985, 
06/17/2018 18,25.29999924,24.10000038,24.80517253, 
06/17/2018 19,24.10000038,20.10000038,21.52500019, 
06/17/2018 20,20.60000038,20.29999924,20.46833321, 
06/17/2018 21,20.39999962,20,20.23333317, 
06/17/2018 22,20,19.60000038,19.76333326, 
06/17/2018 23,20.10000038,19.79999924,20.00338984, 
06/18/2018 00,20.10000038,19.70000076,19.83999971, 
06/18/2018 01,19.89999962,19.60000038,19.76999998, 
06/18/2018 02,19.89999962,19.70000076,19.7366669, 
06/18/2018 03,19.89999962,19.60000038,19.76271177, 
06/18/2018 04,20,19.70000076,19.8366662, 
06/18/2018 05,20,19.60000038,19.76166687, 
06/18/2018 06,20.10000038,19.60000038,19.83666677, 
06/18/2018 07,21.70000076,20,20.7525425, 
06/18/2018 08,24.5,21.70000076,23.06101692, 
06/18/2018 09,26.29999924,24.60000038,25.58666658, 
06/18/2018 10,27.5,25.89999962,26.74333334, 
06/18/2018 11,28.39999962,27.5,27.95666663, 
06/18/2018 12,28.5,27.5,27.95499996, 
06/18/2018 13,28.70000076,27.79999924,28.21333351, 
06/18/2018 14,29.5,28,28.8016668, 
06/18/2018 15,29.10000038,28.70000076,28.90499976, 
06/18/2018 16,28.89999962,27.89999962,28.46949164, 
06/18/2018 17,27.89999962,27.20000076,27.47288112, 
06/18/2018 18,27.39999962,25.79999924,26.64333344, 
06/18/2018 19,25.79999924,24.79999924,25.28166669, 
06/18/2018 20,24.79999924,24.20000076,24.49166673, 
06/18/2018 21,24.20000076,23.89999962,23.98833329, 
06/18/2018 22,24.10000038,23.79999924,24.00500002, 
06/18/2018 23,23.79999924,23.39999962,23.60000016, 
06/19/2018 00,23.70000076,23,23.33500039, 
06/19/2018 01,23.10000038,22.5,22.76500028, 
06/19/2018 02,22.5,22,22.29499982, 
06/19/2018 03,22,21.5,21.72333349, 
06/19/2018 04,21.5,20.79999924,21.16166649, 
06/19/2018 05,21,20.70000076,20.84499976, 
06/19/2018 06,22.60000038,21,21.73500007, 
06/19/2018 07,24.60000038,22.70000076,23.60166667, 
06/19/2018 08,26,24.5,25.22881333, 
06/19/2018 09,27.5,25.89999962,26.64833333, 
06/19/2018 10,28.60000038,27.39999962,28.03333324, 
06/19/2018 11,29,28.29999924,28.64333359, 
06/19/2018 12,29.39999962,28.79999924,29.00847448, 
06/19/2018 13,30,29,29.45762712, 
06/19/2018 14,30.39999962,29.70000076,30.08999993, 
06/19/2018 15,30.20000076,29,29.46833337, 
06/19/2018 16,29.70000076,28.79999924,29.29661007, 
06/19/2018 17,29.10000038,28.20000076,28.76333338, 
06/19/2018 18,28.29999924,26.79999924,27.4733332, 
06/19/2018 19,26.79999924,26,26.45666663, 
06/19/2018 20,26,25.29999924,25.65862057, 
06/19/2018 21,25.29999924,24.39999962,24.76166671, 
06/19/2018 22,24.5,23.5,24.15499989, 
06/19/2018 23,23.5,22.79999924,23.07999986, 
06/20/2018 00,22.89999962,22.5,22.77586174, 
06/20/2018 01,22.5,21.79999924,22.07166656, 
06/20/2018 02,21.79999924,21.29999924,21.4733332, 
06/20/2018 03,21.60000038,21.29999924,21.42499971, 
06/20/2018 04,21.39999962,21.20000076,21.29166654, 
06/20/2018 05,21.20000076,20.89999962,21.06949179, 
06/20/2018 06,22.60000038,21.20000076,21.66333335, 
06/20/2018 07,24.29999924,22.70000076,23.56500003, 
06/20/2018 08,27.60000038,24.29999924,26.13999999, 
06/20/2018 09,27.89999962,26.70000076,27.27666658, 
06/20/2018 10,29,27.70000076,28.36500003, 
06/20/2018 11,29.39999962,28.5,29.1016667, 
06/20/2018 12,29.89999962,27.5,29.01833321, 
06/20/2018 13,27.5,26.39999962,26.85500008, 
06/20/2018 14,29.29999924,27.39999962,28.34499985, 
06/20/2018 15,29.89999962,29,29.53833345, 
06/20/2018 16,29.5,28.70000076,29.01333326, 
06/20/2018 17,28.89999962,27.5,27.98999977, 
06/20/2018 18,27.5,26.29999924,26.98666649, 
06/20/2018 19,26.39999962,26.10000038,26.25499992, 
06/20/2018 20,26.20000076,25.39999962,25.76166665, 
06/20/2018 21,25.39999962,24.20000076,24.75593224, 
06/20/2018 22,24.20000076,23.5,23.87333349, 
06/20/2018 23,23.5,23.10000038,23.3266667, 
06/21/2018 00,23.10000038,22.5,22.79833323, 
06/21/2018 01,22.60000038,22.29999924,22.46271172, 
06/21/2018 02,22.89999962,22.20000076,22.39666669, 
06/21/2018 03,23,22.5,22.70678006, 
06/21/2018 04,22.5,21.89999962,22.19333331, 
06/21/2018 05,22.20000076,21.60000038,22.06166706, 
06/21/2018 06,21.60000038,20.89999962,21.30169497, 
06/21/2018 07,21.10000038,20.5,20.78166656, 
06/21/2018 08,23.79999924,21,21.89166679, 
06/21/2018 09,26.39999962,23.79999924,24.92241379, 
06/21/2018 10,27.89999962,26,26.93333337, 
06/21/2018 11,29.10000038,27.39999962,28.35499999, 
06/21/2018 12,30.10000038,28.79999924,29.48833342, 
06/21/2018 13,30,28.89999962,29.39322045, 
06/21/2018 14,29.70000076,28.89999962,29.34999994, 
06/21/2018 15,29.10000038,28.20000076,28.68166666, 
06/21/2018 16,28.79999924,28.10000038,28.56500034, 
06/21/2018 17,28.70000076,27.89999962,28.35517255, 
06/21/2018 18,28.10000038,26.89999962,27.575, 
06/21/2018 19,26.89999962,25.89999962,26.39000003, 
06/21/2018 20,25.89999962,25.39999962,25.69660995, 
06/21/2018 21,25.29999924,24.60000038,24.9266667, 
06/21/2018 22,24.60000038,23.79999924,24.14499992, 
06/21/2018 23,23.79999924,23.5,23.60833371, 
06/22/2018 00,23.60000038,22.79999924,23.19333309, 
06/22/2018 01,22.79999924,22.20000076,22.48500023, 
06/22/2018 02,22.20000076,21.70000076,21.86999979, 
06/22/2018 03,21.89999962,21.70000076,21.84499976, 
06/22/2018 04,21.70000076,21.20000076,21.37833331, 
06/22/2018 05,21.29999924,21.10000038,21.21833378, 
06/22/2018 06,22.20000076,21.29999924,21.75666676, 
06/22/2018 07,24.10000038,22.20000076,23.03000002, 
06/22/2018 08,26.39999962,24.20000076,25.2083334, 
06/22/2018 09,27.70000076,25.79999924,26.72166659, 
06/22/2018 10,29.5,27.60000038,28.51016953, 
06/22/2018 11,29.20000076,27.79999924,28.40999997, 
06/22/2018 12,29.29999924,28.5,28.89166667, 
06/22/2018 13,29.79999924,28.10000038,29.21166671, 
06/22/2018 14,28.79999924,28,28.36666679, 
06/22/2018 15,29.5,27.10000038,28.00833333, 
06/22/2018 16,29.29999924,28.10000038,28.8983333, 
06/22/2018 17,29,27.29999924,28.07833319, 
06/22/2018 18,27.39999962,26.29999924,26.95254239, 
06/22/2018 19,26.29999924,25.79999924,26.01016943, 
06/22/2018 20,25.79999924,25.29999924,25.57666693, 
06/22/2018 21,25.29999924,25,25.16500025, 
06/22/2018 22,25,24.29999924,24.71499999, 
06/22/2018 23,24.39999962,23.60000038,24.10999997, 
06/23/2018 00,23.60000038,22.89999962,23.32999999, 
06/23/2018 01,22.89999962,22.60000038,22.74999997, 
06/23/2018 02,22.89999962,22.39999962,22.6399999, 
06/23/2018 03,22.5,22.29999924,22.37796564, 
06/23/2018 04,22.39999962,22.20000076,22.29666615, 
06/23/2018 05,22.20000076,21.70000076,21.85423731, 
06/23/2018 06,21.70000076,21.39999962,21.53166679, 
06/23/2018 07,21.70000076,21.5,21.62500048, 
06/23/2018 08,22,21.70000076,21.86499983, 
06/23/2018 09,22.60000038,21.70000076,21.97966107, 
06/23/2018 10,24.5,22.5,23.31500006, 
06/23/2018 11,26.5,24.60000038,25.65500005, 
06/23/2018 12,27.89999962,26.5,27.29666669, 
06/23/2018 13,28.60000038,27.89999962,28.25666682, 
06/23/2018 14,28.79999924,27.70000076,28.23833338, 
06/23/2018 15,29.29999924,28.60000038,28.91833375, 
06/23/2018 16,29.29999924,27.89999962,28.62666677, 
06/23/2018 17,27.89999962,27.20000076,27.74833307, 
06/23/2018 18,27.20000076,25.79999924,26.27833312, 
06/23/2018 19,25.79999924,25,25.25833346, 
06/23/2018 20,25,24.29999924,24.58499994, 
06/23/2018 21,24.39999962,23.60000038,23.93666671, 
06/23/2018 22,23.60000038,23.20000076,23.35500008, 
06/23/2018 23,23.20000076,23.10000038,23.10333373, 
06/24/2018 00,23.10000038,22.60000038,22.86833334, 
06/24/2018 01,22.60000038,22.39999962,22.55166686, 
06/24/2018 02,22.39999962,22.10000038,22.19833364, 
06/24/2018 03,22.10000038,21.79999924,21.90999966, 
06/24/2018 04,22,21.70000076,21.88999983, 
06/24/2018 05,21.89999962,21.70000076,21.76333326, 
06/24/2018 06,23.10000038,21.89999962,22.32999996, 
06/24/2018 07,24.39999962,23.10000038,23.49666688, 
06/24/2018 08,25.79999924,24.5,25.13166663, 
06/24/2018 09,28.10000038,25.70000076,27.16166668, 
06/24/2018 10,28.60000038,26.89999962,27.8666666, 
06/24/2018 11,28.29999924,26.5,26.96610176, 
06/24/2018 12,29.5,27.20000076,28.96666657, 
06/24/2018 13,27.10000038,22.29999924,25.06999989, 
06/24/2018 14,24,22.29999924,23.00166645, 
06/24/2018 15,28.5,24,26.65254241, 
06/24/2018 16,28.39999962,27.29999924,27.64999968, 
06/24/2018 17,29.20000076,27.10000038,28.03499997, 
06/24/2018 18,27,24.79999924,25.18833303, 
06/24/2018 19,25,24.5,24.75666676, 
06/24/2018 20,24.5,24.20000076,24.37999983, 
06/24/2018 21,24.39999962,24.20000076,24.32666651, 
06/24/2018 22,24.5,23.89999962,24.24745773, 
06/24/2018 23,23.89999962,23.29999924,23.66666644, 
06/25/2018 00,23.5,23.29999924,23.39666627, 
06/25/2018 01,23.5,21.89999962,22.94999997, 
06/25/2018 02,22,21.60000038,21.83499994, 
06/25/2018 03,21.5,19.70000076,20.71999976, 
06/25/2018 04,20,19.70000076,19.85666634, 
06/25/2018 05,20.89999962,19.89999962,20.60333331, 
06/25/2018 06,21.70000076,20.89999962,21.20500018, 
06/25/2018 07,22.60000038,21.70000076,22.16833337, 
06/25/2018 08,24.29999924,22.5,23.34166673, 
06/25/2018 09,26.70000076,24.39999962,25.42666667, 
06/25/2018 10,26.89999962,26.10000038,26.47499987, 
06/25/2018 11,27.39999962,26.60000038,27.06101715, 
06/25/2018 12,27.60000038,26.70000076,27.12833325, 
06/25/2018 13,28.79999924,27.29999924,28.11166665, 
06/25/2018 14,27.89999962,27.29999924,27.49999968, 
06/25/2018 15,27.79999924,27.29999924,27.46499968, 
06/25/2018 16,27.5,26.89999962,27.22999986, 
06/25/2018 17,27.5,27.10000038,27.36166636, 
06/25/2018 18,27.10000038,25.29999924,26.00666656, 
06/25/2018 19,25.5,25,25.29152511, 
06/25/2018 20,25,24.70000076,24.79666691, 
06/25/2018 21,24.70000076,24.29999924,24.48333327, 
06/25/2018 22,24.39999962,24,24.26833296, 
06/25/2018 23,24,23.70000076,23.79833307, 
06/26/2018 00,23.79999924,23.60000038,23.67241432, 
06/26/2018 01,23.60000038,22.29999924,22.99333328, 
06/26/2018 02,22.29999924,18.60000038,20.39500004, 
06/26/2018 03,19.20000076,18.5,18.81000026, 
06/26/2018 04,19.5,19.20000076,19.34333286, 
06/26/2018 05,19.5,19.29999924,19.45254219, 
06/26/2018 06,19.89999962,19.5,19.69322049, 
06/26/2018 07,20.39999962,19.70000076,19.95593204, 
06/26/2018 08,21,20.10000038,20.47758612, 
06/26/2018 09,22.10000038,20.70000076,21.24915249, 
06/26/2018 10,26.5,21.89999962,23.9305085, 
06/26/2018 11,28.20000076,26.39999962,27.66833337, 
06/26/2018 12,27.89999962,27,27.40499999, 
06/26/2018 13,29,27.60000038,28.0566665, 
06/26/2018 14,29.20000076,28.39999962,28.78421074, 
06/26/2018 15,29,25.29999924,26.30333341, 
06/26/2018 16,25.39999962,24.79999924,25.02833322, 
06/26/2018 17,27.39999962,25.20000076,25.99999994, 
06/26/2018 18,25.29999924,21.70000076,22.66499993, 
06/26/2018 19,21.89999962,21.70000076,21.78813543, 
06/26/2018 20,22.20000076,21.5,21.78666687, 
06/26/2018 21,22.5,22.20000076,22.37966095, 
06/26/2018 22,22.89999962,22.39999962,22.73166647, 
06/26/2018 23,23,22.79999924,22.89152501, 
06/27/2018 00,22.89999962,22.60000038,22.76333326, 
06/27/2018 01,22.60000038,21.5,22.15833346, 
06/27/2018 02,21.5,21.29999924,21.35833279, 
06/27/2018 03,21.39999962,21.29999924,21.32241312, 
06/27/2018 04,21.60000038,21.20000076,21.42499984, 
06/27/2018 05,21.39999962,21.20000076,21.30999959, 
06/27/2018 06,21.89999962,21.29999924,21.52203382, 
06/27/2018 07,22.29999924,21.70000076,22.01379319, 
06/27/2018 08,25.79999924,22.29999924,24.02711868, 
06/27/2018 09,26.89999962,25.39999962,25.87833335, 
06/27/2018 10,27.60000038,26.39999962,26.96333342, 
06/27/2018 11,28.29999924,27,27.68813547, 
06/27/2018 12,28.89999962,27.39999962,28.11000001, 
06/27/2018 13,29.29999924,28.60000038,28.92333342, 
06/27/2018 14,29.39999962,27.39999962,27.87288145, 
06/27/2018 15,28.29999924,27.29999924,27.66666654, 
06/27/2018 16,28,26.29999924,27.09661005, 
06/27/2018 17,27.10000038,25,26.50169486, 
06/27/2018 18,25.60000038,24.79999924,25.02666645, 
06/27/2018 19,25.70000076,24.60000038,25.02333349, 
06/27/2018 20,24.79999924,24.5,24.65666663, 
06/27/2018 21,24.70000076,24.5,24.586667, 
06/27/2018 22,24.5,24,24.35000003, 
06/27/2018 23,24,23.89999962,23.93166641, 
06/28/2018 00,24.10000038,23.39999962,23.8499999, 
06/28/2018 01,23.39999962,22.89999962,23.2133331, 
06/28/2018 02,22.89999962,22.20000076,22.52881348, 
06/28/2018 03,22.29999924,22,22.17500057, 
06/28/2018 04,22.10000038,21.60000038,21.88333324, 
06/28/2018 05,21.70000076,21.5,21.53500013, 
06/28/2018 06,22.89999962,21.70000076,22.25166664, 
06/28/2018 07,24.5,23,23.63166679, 
06/28/2018 08,26.10000038,24.5,25.31694904, 
06/28/2018 09,27.89999962,25.70000076,26.86491213, 
06/28/2018 10,28,27.39999962,27.69830507, 
06/28/2018 11,28.29999924,27.39999962,27.92666677, 
06/28/2018 12,28.39999962,26.79999924,27.73499978, 
06/28/2018 13,28.29999924,26.60000038,27.47833338, 
06/28/2018 14,29.39999962,28.20000076,28.84666665, 
06/28/2018 15,28.89999962,27.39999962,28.0266667, 
06/28/2018 16,28.39999962,27.10000038,27.81833334, 
06/28/2018 17,27.39999962,26.20000076,27.01500006, 
06/28/2018 18,26.10000038,25,25.44166663, 
06/28/2018 19,25,24.5,24.71000007, 
06/28/2018 20,24.5,24.10000038,24.25333357, 
06/28/2018 21,24.29999924,23.79999924,24.0166666, 
06/28/2018 22,23.79999924,23.20000076,23.48333324, 
06/28/2018 23,23.20000076,22.60000038,22.83666668, 
06/29/2018 00,22.60000038,22.29999924,22.4610168, 
06/29/2018 01,22.39999962,22.20000076,22.26610148, 
06/29/2018 02,22.20000076,21.89999962,22.15333392, 
06/29/2018 03,21.89999962,21.70000076,21.79333312, 
06/29/2018 04,21.70000076,21.5,21.57000027, 
06/29/2018 05,21.5,21.29999924,21.44166644, 
06/29/2018 06,22.29999924,21.5,21.85932205, 
06/29/2018 07,23.5,22.29999924,22.80847443, 
06/29/2018 08,24.20000076,23.5,23.88305082, 
06/29/2018 09,25.10000038,24.20000076,24.67457629, 
06/29/2018 10,25.79999924,25,25.44166673, 
06/29/2018 11,25.79999924,25.20000076,25.52166669, 
06/29/2018 12,26.39999962,25.20000076,25.72666677, 
06/29/2018 13,25.70000076,25.10000038,25.41666679, 
06/29/2018 14,26.10000038,25.39999962,25.7583333, 
06/29/2018 15,26.10000038,25.5,25.84666653, 
06/29/2018 16,26.29999924,25.60000038,25.9583333, 
06/29/2018 17,27.20000076,25.89999962,26.65833333, 
06/29/2018 18,26.10000038,24.20000076,25.07166675, 
06/29/2018 19,24.10000038,23.79999924,23.91166633, 
06/29/2018 20,23.79999924,23.70000076,23.73666687, 
06/29/2018 21,23.79999924,22.60000038,23.52166684, 
06/29/2018 22,22.60000038,21.60000038,21.83500029, 
06/29/2018 23,21.60000038,21,21.27500016, 
06/30/2018 00,21,20.39999962,20.76610129, 
06/30/2018 01,20.70000076,20.39999962,20.56000023, 
06/30/2018 02,20.70000076,19.79999924,20.41166677, 
06/30/2018 03,20.29999924,19.29999924,19.73166672, 
06/30/2018 04,19.89999962,19.5,19.64000003, 
06/30/2018 05,20,19.70000076,19.89333296, 
06/30/2018 06,20.29999924,19.70000076,19.98644056, 
06/30/2018 07,20.39999962,20,20.20833343, 
06/30/2018 08,21,20,20.47288128, 
06/30/2018 09,22.20000076,20.70000076,21.50666666, 
06/30/2018 10,24.5,22,22.79333321, 
06/30/2018 11,26.29999924,24.29999924,25.17166665, 
06/30/2018 12,26,25.10000038,25.54333334, 
06/30/2018 13,26.20000076,25.29999924,25.58499966, 
06/30/2018 14,26.5,25.10000038,25.63166656, 
06/30/2018 15,26.29999924,25.79999924,25.93999971, 
06/30/2018 16,26.39999962,25.70000076,25.89660997, 
06/30/2018 17,26.29999924,25.39999962,25.77333333, 
06/30/2018 18,26.29999924,24.70000076,25.49661016, 
06/30/2018 19,24.70000076,24.20000076,24.37000001, 
06/30/2018 20,24.20000076,24,24.05666688, 
06/30/2018 21,24,23.89999962,23.96166652, 
06/30/2018 22,23.89999962,23.60000038,23.78999993, 
06/30/2018 23,23.60000038,23.5,23.52166675, 
07/01/2018 00,23.5,23.20000076,23.40333303, 
07/01/2018 01,23.10000038,22.20000076,22.5440679, 
07/01/2018 02,22.20000076,21.60000038,21.91525414, 
07/01/2018 03,21.60000038,21.20000076,21.42542351, 
07/01/2018 04,21.5,21.20000076,21.36779624, 
07/01/2018 05,21.29999924,21.10000038,21.21864429, 
07/01/2018 06,21.10000038,20.39999962,20.65499999, 
07/01/2018 07,20.79999924,20.5,20.60833352, 
07/01/2018 08,21,20.5,20.72166672, 
07/01/2018 09,21.20000076,20.5,20.75999991, 
07/01/2018 10,21.89999962,21.20000076,21.49666672, 
07/01/2018 11,21.89999962,21,21.52333323, 
07/01/2018 12,21.39999962,20.5,20.90666669, 
07/01/2018 13,22.5,21.29999924,21.86666654, 
07/01/2018 14,24.60000038,22.39999962,23.33666665, 
07/01/2018 15,25.10000038,24.5,24.85499986, 
07/01/2018 16,24.79999924,24.39999962,24.59333363, 
07/01/2018 17,24.79999924,24.39999962,24.6566665, 
07/01/2018 18,24.39999962,24.10000038,24.19000031, 
07/01/2018 19,24.10000038,23.70000076,23.89482751, 
07/01/2018 20,23.60000038,23.10000038,23.3067796, 
07/01/2018 21,23.10000038,22.89999962,23.00666669, 
07/01/2018 22,22.89999962,22.60000038,22.78999968, 
07/01/2018 23,22.60000038,22.29999924,22.43666643, 
07/02/2018 00,22.29999924,22.10000038,22.23666674, 
07/02/2018 01,22.10000038,21.89999962,21.97288125, 
07/02/2018 02,21.89999962,20.79999924,21.3399999, 
07/02/2018 03,20.79999924,20.10000038,20.48500017, 
07/02/2018 04,20.29999924,20,20.15000048, 
07/02/2018 05,20.29999924,20,20.1559326, 
07/02/2018 06,20.5,20,20.31833312, 
07/02/2018 07,20.89999962,20.39999962,20.62166694, 
07/02/2018 08,21.20000076,20.79999924,20.96666654, 
07/02/2018 09,21.10000038,20.89999962,20.97166656, 
07/02/2018 10,21.10000038,20.70000076,20.95833324, 
07/02/2018 11,21.20000076,20.70000076,20.975, 
07/02/2018 12,21.20000076,20.60000038,20.8166666, 
07/02/2018 13,21,20.60000038,20.8716664, 
07/02/2018 14,21.20000076,20.79999924,20.97796602, 
07/02/2018 15,21.10000038,20.70000076,20.90833311, 
07/02/2018 16,21.5,20.79999924,21.10833327, 
07/02/2018 17,21.79999924,21,21.31666695, 
07/02/2018 18,21.29999924,20.89999962,21.09833364, 
07/02/2018 19,21.20000076,21,21.06333357, 
07/02/2018 20,21.10000038,20.89999962,21.02000008, 
07/02/2018 21,21,20.70000076,20.82999961, 
07/02/2018 22,20.79999924,20.5,20.69000044, 
07/02/2018 23,20.70000076,20.60000038,20.63166717, 
07/03/2018 00,20.60000038,20.39999962,20.48999996, 
07/03/2018 01,20.39999962,20.29999924,20.33166602, 
07/03/2018 02,20.39999962,20.10000038,20.28833323, 
07/03/2018 03,20.39999962,20.20000076,20.3533329, 
07/03/2018 04,20.39999962,20,20.14333353, 
07/03/2018 05,20.60000038,20.20000076,20.35999994, 
07/03/2018 06,21.20000076,20.60000038,20.89830502, 
07/03/2018 07,21.10000038,20.70000076,20.90517222, 
07/03/2018 08,21.60000038,20.89999962,21.21833328, 
07/03/2018 09,22.10000038,21.5,21.91333319, 
07/03/2018 10,22.5,22.10000038,22.30166664, 
07/03/2018 11,24.29999924,22.60000038,23.85333331, 
07/03/2018 12,24.39999962,24,24.14000015, 
07/03/2018 13,25.89999962,24.5,25.34666665, 
07/03/2018 14,27,25.5,26.11379318, 
07/03/2018 15,26.10000038,25.60000038,25.88833338, 
07/03/2018 16,27.79999924,25.89999962,26.70666666, 
07/03/2018 17,28,25.79999924,27.02333323, 
07/03/2018 18,25.89999962,23.89999962,24.8216665, 
07/03/2018 19,24,23.29999924,23.65833308, 
07/03/2018 20,23.39999962,23,23.22999992, 
07/03/2018 21,23,22.79999924,22.90666631, 
07/03/2018 22,23,22.60000038,22.82241387, 
07/03/2018 23,22.60000038,22.29999924,22.41666635, 
07/04/2018 00,22.39999962,21.89999962,22.17118629, 
07/04/2018 01,21.89999962,21.5,21.64666688, 
07/04/2018 02,21.79999924,21.70000076,21.73166695, 
07/04/2018 03,21.89999962,21.10000038,21.6316665, 
07/04/2018 04,21.10000038,20.39999962,20.76333319, 
07/04/2018 05,20.29999924,20.10000038,20.21166687, 
07/04/2018 06,20.60000038,20.10000038,20.313333, 
07/04/2018 07,21,20.39999962,20.57457623, 
07/04/2018 08,21.89999962,20.70000076,21.10666672, 
07/04/2018 09,25.70000076,22,24.28666665, 
07/04/2018 10,26.5,25.39999962,25.8483333, 
07/04/2018 11,25.89999962,23.39999962,23.90000003, 
07/04/2018 12,26.60000038,23.70000076,25.40338985, 
07/04/2018 13,27.89999962,25,26.58983037, 
07/04/2018 14,28.10000038,27.39999962,27.78666655, 
07/04/2018 15,28.39999962,27.39999962,27.82999983, 
07/04/2018 16,28.39999962,27.5,27.91166671, 
07/04/2018 17,28.29999924,26.89999962,27.6499999, 
07/04/2018 18,27.29999924,25.60000038,26.45166674, 
07/04/2018 19,25.60000038,24.89999962,25.14499995, 
07/04/2018 20,24.89999962,24.29999924,24.60833311, 
07/04/2018 21,24.29999924,24.10000038,24.21500031, 
07/04/2018 22,24.10000038,23.70000076,23.91333319, 
07/04/2018 23,23.70000076,23.20000076,23.48474583, 
07/05/2018 00,23.20000076,22.60000038,22.93000021, 
07/05/2018 01,22.60000038,22.5,22.55500021, 
07/05/2018 02,22.60000038,22.39999962,22.48666662, 
07/05/2018 03,22.5,22.39999962,22.41499968, 
07/05/2018 04,22.39999962,21.89999962,22.10689653, 
07/05/2018 05,22.10000038,22,22.06440703, 
07/05/2018 06,23.29999924,22.10000038,22.52166672, 
07/05/2018 07,23.79999924,23.10000038,23.50677978, 
07/05/2018 08,25.79999924,23.60000038,24.45333347, 
07/05/2018 09,26.5,25.60000038,25.9233333, 
07/05/2018 10,27.70000076,26.29999924,26.9566666, 
07/05/2018 11,27.60000038,26.5,27.01186432, 
07/05/2018 12,28.20000076,27.20000076,27.63166669, 
07/05/2018 13,29.20000076,27.70000076,28.50000003, 
07/05/2018 14,29.10000038,26.70000076,27.8766668, 
07/05/2018 15,26.60000038,22.5,24.09491536, 
07/05/2018 16,22.70000076,22.29999924,22.4816666, 
07/05/2018 17,22.79999924,22.29999924,22.59333347, 
07/05/2018 18,23.70000076,22.79999924,23.38333337, 
07/05/2018 19,23.79999924,23.70000076,23.73666687, 
07/05/2018 20,23.79999924,23.5,23.61333348, 
07/05/2018 21,23.60000038,23.20000076,23.45333328, 
07/05/2018 22,23.20000076,22.89999962,23.03666681, 
07/05/2018 23,22.89999962,22.70000076,22.82333288, 
07/06/2018 00,22.70000076,22.29999924,22.46333319, 
07/06/2018 01,22.60000038,22.39999962,22.48666662, 
07/06/2018 02,22.5,22.29999924,22.37333285, 
07/06/2018 03,22.5,22.39999962,22.48499994, 
07/06/2018 04,22.60000038,22.20000076,22.3516667, 
07/06/2018 05,22.39999962,22.20000076,22.24237306, 
07/06/2018 06,23.60000038,22.29999924,22.74166657, 
07/06/2018 07,23.89999962,23.5,23.63166701, 
07/06/2018 08,26.60000038,24,25.18666677, 
07/06/2018 09,27.10000038,25.89999962,26.58499994, 
07/06/2018 10,29.10000038,26.70000076,28.12999996, 
07/06/2018 11,29.79999924,28.39999962,29.15500005, 
07/06/2018 12,29,28,28.34333344, 
07/06/2018 13,29.89999962,29,29.34482762, 
07/06/2018 14,29.79999924,28.79999924,29.44833349, 
07/06/2018 15,29.20000076,26.70000076,27.84406772, 
07/06/2018 16,26.79999924,26.5,26.69499992, 
07/06/2018 17,26.89999962,26.20000076,26.56999982, 
07/06/2018 18,26.29999924,25.89999962,26.11166706, 
07/06/2018 19,26,25.5,25.74333334, 
07/06/2018 20,25.60000038,24.79999924,25.13666643, 
07/06/2018 21,25.10000038,24.60000038,24.93166656, 
07/06/2018 22,24.60000038,23.70000076,24.11499996, 
07/06/2018 23,23.89999962,23.70000076,23.81666616, 
07/07/2018 00,24,23.89999962,23.93999977, 
07/07/2018 01,23.89999962,23.5,23.64499998, 
07/07/2018 02,23.60000038,23.39999962,23.53220351, 
07/07/2018 03,23.29999924,23,23.15000025, 
07/07/2018 04,23,22.79999924,22.92711837, 
07/07/2018 05,23.10000038,22.79999924,22.96333319, 
07/07/2018 06,23.89999962,23.10000038,23.45254252, 
07/07/2018 07,25,23.89999962,24.44237289, 
07/07/2018 08,26.70000076,25,26.0700002, 
07/07/2018 09,28.89999962,26.39999962,27.7649999, 
07/07/2018 10,30,28.10000038,29.06666673, 
07/07/2018 11,30,28.79999924,29.44666653, 
07/07/2018 12,29.89999962,28.5,29.43500017, 
07/07/2018 13,28.89999962,28.39999962,28.57500003, 
07/07/2018 14,29.5,28.70000076,29.1084746, 
07/07/2018 15,29.39999962,28.60000038,28.97833341, 
07/07/2018 16,29,27.10000038,27.79833349, 
07/07/2018 17,27.10000038,26.39999962,26.69166667, 
07/07/2018 18,26.89999962,25.89999962,26.24000028, 
07/07/2018 19,25.89999962,25.29999924,25.53220319, 
07/07/2018 20,25.29999924,25.20000076,25.24000015, 
07/07/2018 21,25.20000076,25,25.1050004, 
07/07/2018 22,25.10000038,24.79999924,24.96499987, 
07/07/2018 23,24.79999924,24.39999962,24.53333324, 
07/08/2018 00,24.5,23.10000038,23.90847458, 
07/08/2018 01,23.10000038,22.10000038,22.56101696, 
07/08/2018 02,22.10000038,21.29999924,21.5399999, 
07/08/2018 03,21.70000076,21,21.44499995, 
07/08/2018 04,21.60000038,21,21.32166662, 
07/08/2018 05,21.79999924,21.29999924,21.62333352, 
07/08/2018 06,21.79999924,21.29999924,21.52999989, 
07/08/2018 07,21.89999962,21.5,21.76333329, 
07/08/2018 08,22,21.39999962,21.71499987, 
07/08/2018 09,24.10000038,21.89999962,22.57758617, 
07/08/2018 10,26,24.20000076,24.9916666, 
07/08/2018 11,26,25,25.43166663, 
07/08/2018 12,26.20000076,24.79999924,25.30508481, 
07/08/2018 13,26.5,25.89999962,26.23333327, 
07/08/2018 14,26.70000076,26,26.37999992, 
07/08/2018 15,26.60000038,25.39999962,26.13333343, 
07/08/2018 16,25.79999924,25.20000076,25.49661051, 
07/08/2018 17,25.60000038,25,25.35999994, 
07/08/2018 18,25.20000076,24.60000038,24.93333359, 
07/08/2018 19,24.60000038,24.20000076,24.43333343, 
07/08/2018 20,24.20000076,23.89999962,24.09666704, 
07/08/2018 21,24.20000076,23.89999962,24.03000011, 
07/08/2018 22,24.20000076,22.60000038,23.51052642, 
07/08/2018 23,22.70000076,22.29999924,22.50500002, 
07/09/2018 00,22.5,22.20000076,22.35666647, 
07/09/2018 01,22.20000076,21.5,21.84666656, 
07/09/2018 02,21.60000038,21.20000076,21.38999961, 
07/09/2018 03,21.29999924,21.10000038,21.20847466, 
07/09/2018 04,21.20000076,20.89999962,21.05000019, 
07/09/2018 05,21,20.60000038,20.86999989, 
07/09/2018 06,20.89999962,20.60000038,20.67500025, 
07/09/2018 07,21.39999962,20.89999962,21.13666693, 
07/09/2018 08,21.70000076,21.10000038,21.35593204, 
07/09/2018 09,21.79999924,21.20000076,21.52666674, 
07/09/2018 10,23.60000038,21.60000038,22.36166671, 
07/09/2018 11,26.20000076,23.70000076,25.40333325, 
07/09/2018 12,26.5,25.70000076,26.09827561, 
07/09/2018 13,25.79999924,25.29999924,25.60339006, 
07/09/2018 14,27.60000038,25.5,26.77333317, 
07/09/2018 15,26.89999962,26.20000076,26.60999994, 
07/09/2018 16,26.60000038,25.79999924,26.113333, 
07/09/2018 17,25.79999924,25.29999924,25.60666679, 
07/09/2018 18,25.29999924,24.60000038,24.94666691, 
07/09/2018 19,24.5,24,24.19833345, 
07/09/2018 20,24,23.89999962,23.90499964, 
07/09/2018 21,23.89999962,23.70000076,23.7728811, 
07/09/2018 22,23.70000076,23.39999962,23.57333361, 
07/09/2018 23,23.39999962,22.89999962,23.16315765, 
07/10/2018 00,22.89999962,21.89999962,22.33333324, 
07/10/2018 01,21.79999924,21.10000038,21.33500042, 
07/10/2018 02,21.10000038,20.70000076,20.9399998, 
07/10/2018 03,20.89999962,20.60000038,20.74666684, 
07/10/2018 04,21,20.70000076,20.82333336, 
07/10/2018 05,21,20.70000076,20.83898276, 
07/10/2018 06,21,20.70000076,20.87999961, 
07/10/2018 07,21.5,20.89999962,21.12833341, 
07/10/2018 08,21.70000076,21.10000038,21.38833351, 
07/10/2018 09,21.60000038,21,21.36499996, 
07/10/2018 10,21.89999962,21,21.34333324, 
07/10/2018 11,24.10000038,21.5,22.42833328, 
07/10/2018 12,25.60000038,24.20000076,25.12666683, 
07/10/2018 13,25.29999924,24.70000076,25.02000011, 
07/10/2018 14,25.5,24.70000076,25.03833345, 
07/10/2018 15,26.79999924,25.39999962,26.09500008, 
07/10/2018 16,26.89999962,25.60000038,26.2016667, 
07/10/2018 17,25.60000038,25.10000038,25.29666694, 
07/10/2018 18,25.10000038,24.29999924,24.67241376, 
07/10/2018 19,24.29999924,23.70000076,23.98833329, 
07/10/2018 20,23.70000076,23.60000038,23.66166728, 
07/10/2018 21,23.79999924,23.5,23.64067824, 
07/10/2018 22,23.5,23.20000076,23.28000031, 
07/10/2018 23,23.5,23.20000076,23.32333291, 
07/11/2018 00,23.20000076,22.70000076,22.94333331, 
07/11/2018 01,22.70000076,22.39999962,22.66101756, 
07/11/2018 02,22.39999962,21.20000076,21.96166643, 
07/11/2018 03,21.20000076,21.10000038,21.15666726, 
07/11/2018 04,21.10000038,20.89999962,21.0616669, 
07/11/2018 05,20.79999924,20.60000038,20.70666707, 
07/11/2018 06,21.10000038,20.70000076,20.77796635, 
07/11/2018 07,21.70000076,20.70000076,21.20833327, 
07/11/2018 08,21.89999962,21.10000038,21.41166652, 
07/11/2018 09,22.79999924,21.39999962,22.10999994, 
07/11/2018 10,27,22.70000076,24.40166661, 
07/11/2018 11,27.5,26.70000076,27.04666669, 
07/11/2018 12,28.10000038,26.60000038,27.20877199, 
07/11/2018 13,28.60000038,27.39999962,28.09322031, 
07/11/2018 14,29.10000038,28.10000038,28.67288134, 
07/11/2018 15,29.10000038,24.5,26.81525421, 
07/11/2018 16,24.39999962,21.89999962,22.81833331, 
07/11/2018 17,21.89999962,21.29999924,21.6250001, 
07/11/2018 18,21.89999962,21.39999962,21.66551731, 
07/11/2018 19,21.89999962,21.70000076,21.79660972, 
07/11/2018 20,22,21.5,21.75172405, 
07/11/2018 21,21.89999962,21.39999962,21.63333337, 
07/11/2018 22,21.89999962,21.29999924,21.61666673, 
07/11/2018 23,21.39999962,20.60000038,21.01333364, 
07/12/2018 00,20.70000076,20.5,20.60000038, 
07/12/2018 01,20.79999924,20.39999962,20.63000046, 
07/12/2018 02,20.79999924,20.5,20.66833385, 
07/12/2018 03,20.79999924,20.60000038,20.6983338, 
07/12/2018 04,20.70000076,20.39999962,20.58070206, 
07/12/2018 05,20.60000038,20.39999962,20.44833314, 
07/12/2018 06,20.60000038,20.29999924,20.38999958, 
07/12/2018 07,20.70000076,20.39999962,20.55500021, 
07/12/2018 08,20.79999924,20.5,20.65166718, 
07/12/2018 09,21.29999924,20.60000038,20.86440691, 
07/12/2018 10,22,20.89999962,21.30500011, 
07/12/2018 11,22.89999962,21.29999924,21.87758607, 
07/12/2018 12,26.79999924,22.70000076,24.12999999, 
07/12/2018 13,27.89999962,25.89999962,26.75423713, 
07/12/2018 14,27,25.89999962,26.33833326, 
07/12/2018 15,27.39999962,26.60000038,27.00689655, 
07/12/2018 16,27,26.10000038,26.43000015, 
07/12/2018 17,26.20000076,25.39999962,25.71525425, 
07/12/2018 18,25.60000038,24.79999924,25.08833332, 
07/12/2018 19,24.79999924,24.5,24.60535734, 
07/12/2018 20,24.60000038,24.20000076,24.33965482, 
07/12/2018 21,24.20000076,23.70000076,23.91864418, 
07/12/2018 22,23.70000076,23.39999962,23.50833337, 
07/12/2018 23,23.5,23.29999924,23.46166652, 
07/13/2018 00,23.29999924,23.10000038,23.18166695, 
07/13/2018 01,23.10000038,22.5,22.83728787, 
07/13/2018 02,22.5,21.70000076,22.00833317, 
07/13/2018 03,21.70000076,21.20000076,21.47333339, 
07/13/2018 04,21.29999924,21.20000076,21.20500069, 
07/13/2018 05,21.29999924,21.10000038,21.20000057, 
07/13/2018 06,21.5,21.10000038,21.34237283, 
07/13/2018 07,22.5,21.5,21.97833341, 
07/13/2018 08,23.89999962,22.5,23.03833326, 
07/13/2018 09,25.29999924,23.89999962,24.70999988, 
07/13/2018 10,26.5,25.29999924,25.90000001, 
07/13/2018 11,28,26.5,27.18999999, 
07/13/2018 12,27.89999962,26.89999962,27.49166654, 
07/13/2018 13,29.29999924,27.79999924,28.66949156, 
07/13/2018 14,29.5,28.70000076,29.01833315, 
07/13/2018 15,29.29999924,28.5,28.86166677, 
07/13/2018 16,29.5,28.20000076,28.73833332, 
07/13/2018 17,29,26.79999924,28.07758611, 
07/13/2018 18,26.70000076,25.29999924,26.19166663, 
07/13/2018 19,25.29999924,23.20000076,24.24000012, 
07/13/2018 20,23.89999962,23,23.50999991, 
07/13/2018 21,24.29999924,23.89999962,24.13166685, 
07/13/2018 22,24.29999924,24.10000038,24.19833406, 
07/13/2018 23,24.10000038,23.60000038,23.88499991, 
07/14/2018 00,23.60000038,23.39999962,23.5152543, 
07/14/2018 01,23.39999962,21.20000076,21.63898303, 
07/14/2018 02,21.20000076,20.89999962,21.05666688, 
07/14/2018 03,21.20000076,21,21.14666723, 
07/14/2018 04,21.20000076,20.89999962,21.07966132, 
07/14/2018 05,21.10000038,21,21.04067812, 
07/14/2018 06,21.20000076,20.5,21.04745794, 
07/14/2018 07,21.10000038,20.5,20.76949175, 
07/14/2018 08,24.79999924,21.20000076,23.01525433, 
07/14/2018 09,26.20000076,24.79999924,25.64833336, 
07/14/2018 10,26.89999962,26,26.52166672, 
07/14/2018 11,28.79999924,26.89999962,27.7933334, 
07/14/2018 12,29.20000076,28.60000038,28.89137932, 
07/14/2018 13,29,28,28.6149999, 
07/14/2018 14,29.20000076,27.79999924,28.45166677, 
07/14/2018 15,29.10000038,23.70000076,26.73499997, 
07/14/2018 16,23.70000076,21.39999962,22.00499999, 
07/14/2018 17,22,21.60000038,21.79166657, 
07/14/2018 18,22.39999962,21.70000076,22.0649999, 
07/14/2018 19,22.39999962,22,22.14833349, 
07/14/2018 20,22.10000038,21.79999924,21.92333304, 
07/14/2018 21,21.89999962,21.60000038,21.71166697, 
07/14/2018 22,21.89999962,21.39999962,21.60333354, 
07/14/2018 23,21.89999962,21.39999962,21.56333338, 
07/15/2018 00,22.29999924,21.89999962,22.10999991, 
07/15/2018 01,22,21.20000076,21.62999983, 
07/15/2018 02,21.20000076,21.10000038,21.17500067, 
07/15/2018 03,21.20000076,20.89999962,21.12758669, 
07/15/2018 04,21.20000076,21.10000038,21.16101756, 
07/15/2018 05,21.20000076,21,21.10166705, 
07/15/2018 06,21.39999962,21,21.21333367, 
07/15/2018 07,22.79999924,21.5,22.04833339, 
07/15/2018 08,24.39999962,22.79999924,23.60000006, 
07/15/2018 09,26.89999962,24.39999962,25.88833335, 
07/15/2018 10,27.5,26.5,27.09999984, 
07/15/2018 11,27.70000076,26.79999924,27.26166655, 
07/15/2018 12,28.10000038,27.29999924,27.63050839, 
07/15/2018 13,27.39999962,22.10000038,25.32666677, 
07/15/2018 14,22.79999924,21.70000076,22.09833323, 
07/15/2018 15,23.5,22,22.76666667, 
07/15/2018 16,26.39999962,23.29999924,25.00847454, 
07/15/2018 17,25.89999962,25.29999924,25.45666637, 
07/15/2018 18,25.70000076,24.79999924,25.26833344, 
07/15/2018 19,24.79999924,24.29999924,24.43666633, 
07/15/2018 20,24.29999924,24,24.1466671, 
07/15/2018 21,24.20000076,23.89999962,24.15833394, 
07/15/2018 22,23.89999962,23.10000038,23.33833354, 
07/15/2018 23,23.29999924,23.10000038,23.22333368, 
07/16/2018 00,23,21.39999962,22.1666667, 
07/16/2018 01,21.5,21.10000038,21.2283336, 
07/16/2018 02,21.20000076,20.39999962,20.73333371, 
07/16/2018 03,20.60000038,20.39999962,20.51333338, 
07/16/2018 04,20.60000038,20.29999924,20.42999973, 
07/16/2018 05,20.60000038,20.29999924,20.4816666, 
07/16/2018 06,21,20.60000038,20.70833365, 
07/16/2018 07,21.10000038,20.70000076,20.87931002, 
07/16/2018 08,21.5,20.70000076,21.10166677, 
07/16/2018 09,23,21.29999924,22.04500008, 
07/16/2018 10,26.29999924,22.89999962,24.01355934, 
07/16/2018 11,27.39999962,26.29999924,26.73999993, 
07/16/2018 12,29,27.29999924,28.06333316, 
07/16/2018 13,29,27.70000076,28.53000002, 
07/16/2018 14,27.70000076,25,26.02203392, 
07/16/2018 15,29.10000038,25.70000076,27.60166667, 
07/16/2018 16,29.20000076,28.5,28.96101703, 
07/16/2018 17,29.10000038,27.20000076,28.39499998, 
07/16/2018 18,27.10000038,25.79999924,26.32166665, 
07/16/2018 19,25.79999924,25.10000038,25.44576267, 
07/16/2018 20,25.10000038,24.79999924,24.91666635, 
07/16/2018 21,25,24.20000076,24.54666681, 
07/16/2018 22,24.29999924,24.10000038,24.19500046, 
07/16/2018 23,24.10000038,24,24.02333342, 
07/17/2018 00,24,23.60000038,23.78500007, 
07/17/2018 01,23.70000076,23.5,23.5250001, 
07/17/2018 02,23.60000038,23.39999962,23.4816666, 
07/17/2018 03,23.70000076,23.5,23.58833367, 
07/17/2018 04,23.60000038,23.39999962,23.49333331, 
07/17/2018 05,23.39999962,23.29999924,23.33833272, 
07/17/2018 06,23.89999962,23.29999924,23.58499978, 
07/17/2018 07,24.5,23.89999962,24.12542379, 
07/17/2018 08,25.10000038,24.39999962,24.77118654, 
07/17/2018 09,26.29999924,25.10000038,25.83559311, 
07/17/2018 10,27.39999962,26.20000076,26.75333338, 
07/17/2018 11,28.70000076,27.5,28.24406785, 
07/17/2018 12,29.20000076,28.60000038,28.84166689, 
07/17/2018 13,29.79999924,28.70000076,29.33999996, 
07/17/2018 14,29.10000038,28.79999924,28.97166656, 
07/17/2018 15,29,27.79999924,28.476271, 
07/17/2018 16,27.79999924,27.29999924,27.56101705, 
07/17/2018 17,27.39999962,26.29999924,26.92711862, 
07/17/2018 18,26.20000076,25.5,25.83050864, 
07/17/2018 19,25.60000038,24.70000076,25.04499969, 
07/17/2018 20,24.79999924,24.60000038,24.65500046, 
07/17/2018 21,24.70000076,24.39999962,24.59000034, 
07/17/2018 22,24.5,24.10000038,24.37758613, 
07/17/2018 23,24.20000076,23.89999962,24.00833337, 
07/18/2018 00,24.10000038,23.79999924,23.99499998, 
07/18/2018 01,23.79999924,23.60000038,23.67166716, 
07/18/2018 02,23.60000038,22.89999962,23.37666642, 
07/18/2018 03,22.79999924,22,22.15932232, 
07/18/2018 04,21.89999962,21.60000038,21.7983332, 
07/18/2018 05,22,21.79999924,21.89833295, 
07/18/2018 06,22.5,21.89999962,22.16333342, 
07/18/2018 07,22.60000038,22.29999924,22.41016915, 
07/18/2018 08,23.79999924,22.60000038,22.91666686, 
07/18/2018 09,25.10000038,23.79999924,24.44333331, 
07/18/2018 10,26.10000038,25,25.63333327, 
07/18/2018 11,28.70000076,26,27.18000005, 
07/18/2018 12,29.39999962,27.79999924,28.63833345, 
07/18/2018 13,30.29999924,28.70000076,29.72033885, 
07/18/2018 14,30.5,28.10000038,29.02000011, 
07/18/2018 15,28.10000038,25.20000076,26.86499999, 
07/18/2018 16,25.39999962,24.60000038,24.94310349, 
07/18/2018 17,26.79999924,24.79999924,25.82333342, 
07/18/2018 18,26.39999962,25.39999962,25.87833331, 
07/18/2018 19,25.39999962,24.79999924,25.16500018, 
07/18/2018 20,24.79999924,24.10000038,24.30500053, 
07/18/2018 21,24.29999924,24,24.11333342, 
07/18/2018 22,24.39999962,24.20000076,24.22711909, 
07/18/2018 23,24.20000076,24.10000038,24.19500074, 
07/19/2018 00,24.10000038,23.70000076,23.97333326, 
07/19/2018 01,23.70000076,23.20000076,23.39833342, 
07/19/2018 02,23.29999924,23.20000076,23.28499947, 
07/19/2018 03,23.29999924,23,23.10666672, 
07/19/2018 04,23.39999962,23,23.21999992, 
07/19/2018 05,23.10000038,22.5,22.73166685, 
07/19/2018 06,23.20000076,22.60000038,22.84999982, 
07/19/2018 07,24.10000038,23.20000076,23.65999988, 
07/19/2018 08,25.60000038,24,24.52166672, 
07/19/2018 09,27.70000076,25.5,26.74999981, 
07/19/2018 10,30.79999924,27.5,28.65499999, 
07/19/2018 11,30.79999924,29.60000038,30.14499998, 
07/19/2018 12,31.60000038,30,30.88666668, 
07/19/2018 13,31.70000076,30.29999924,31.17999996, 
07/19/2018 14,30.5,29.89999962,30.25833337, 
07/19/2018 15,30.5,29,30.06833334, 
07/19/2018 16,29,25,27.15166667, 
07/19/2018 17,25,22.89999962,23.61833353, 
07/19/2018 18,24.20000076,23.20000076,23.67500003, 
07/19/2018 19,24.39999962,24.20000076,24.29830451, 
07/19/2018 20,24.20000076,23.60000038,23.80833337, 
07/19/2018 21,24,23.89999962,23.94333312, 
07/19/2018 22,24,23.89999962,23.90508438, 
07/19/2018 23,24,23.89999962,23.91355899, 
07/20/2018 00,23.89999962,23.70000076,23.82499946, 
07/20/2018 01,23.79999924,23.70000076,23.77333298, 
07/20/2018 02,23.70000076,23.20000076,23.47833335, 
07/20/2018 03,23.20000076,22.79999924,23.02033906, 
07/20/2018 04,22.89999962,22.79999924,22.84333274, 
07/20/2018 05,23,22.79999924,22.96949141, 
07/20/2018 06,24.20000076,23,23.42166688, 
07/20/2018 07,24.39999962,24.10000038,24.24666672, 
07/20/2018 08,27.39999962,24.39999962,25.77166659, 
07/20/2018 09,28.20000076,27.29999924,27.63666665, 
07/20/2018 10,30,27.89999962,29.17999999, 
07/20/2018 11,30.89999962,29.79999924,30.44333318, 
07/20/2018 12,31.29999924,30.20000076,30.73666665, 
07/20/2018 13,32.59999847,30,31.42666667, 
07/20/2018 14,30,20.5,23.99666669, 
07/20/2018 15,21.60000038,20.5,21.16610155, 
07/20/2018 16,22.10000038,21.39999962,21.78666652, 
07/20/2018 17,23.20000076,21.89999962,22.54833342, 
07/20/2018 18,25,23.20000076,24.21999995, 
07/20/2018 19,25,24.79999924,24.92666639, 
07/20/2018 20,25,24.70000076,24.85333316, 
07/20/2018 21,24.70000076,24,24.29666678, 
07/20/2018 22,24,23.89999962,23.94333312, 
07/20/2018 23,24.10000038,23.20000076,23.66166662, 
07/21/2018 00,23.29999924,23.10000038,23.22333345, 
07/21/2018 01,23.10000038,22.70000076,22.8366662, 
07/21/2018 02,22.89999962,22.70000076,22.80999969, 
07/21/2018 03,22.79999924,22.5,22.66666702, 
07/21/2018 04,22.5,22.29999924,22.47118633, 
07/21/2018 05,22.5,21.89999962,22.125, 
07/21/2018 06,23.20000076,22.5,22.89500001, 
07/21/2018 07,24.10000038,23.20000076,23.77627108, 
07/21/2018 08,25,24,24.57000008, 
07/21/2018 09,25.5,24.79999924,25.11833328, 
07/21/2018 10,26.89999962,25.39999962,26.09666659, 
07/21/2018 11,27.5,26.70000076,27.10833343, 
07/21/2018 12,27.60000038,26.89999962,27.21000013, 
07/21/2018 13,27.29999924,25.29999924,26.72333349, 
07/21/2018 14,25.60000038,25.20000076,25.31499993, 
07/21/2018 15,25.70000076,24,25.28999999, 
07/21/2018 16,23.89999962,21.39999962,22.28999993, 
07/21/2018 17,22.20000076,21.20000076,21.7516669, 
07/21/2018 18,22.20000076,21.20000076,21.73499991, 
07/21/2018 19,22.29999924,21.89999962,22.11666708, 
07/21/2018 20,22.70000076,22,22.39166663, 
07/21/2018 21,22.79999924,22.70000076,22.74576278, 
07/21/2018 22,22.89999962,22.70000076,22.78333298, 
07/21/2018 23,22.79999924,22.20000076,22.49999997, 
07/22/2018 00,22.29999924,21.20000076,21.77118644, 
07/22/2018 01,21.20000076,20.89999962,21.00166667, 
07/22/2018 02,21,20.79999924,20.9220336, 
07/22/2018 03,21,20.79999924,20.90333296, 
07/22/2018 04,21,20.79999924,20.87999954, 
07/22/2018 05,20.89999962,20.60000038,20.75932212, 
07/22/2018 06,21.20000076,20.70000076,20.88500017, 
07/22/2018 07,23.10000038,21.20000076,22.18999999, 
07/22/2018 08,24.29999924,23.10000038,23.84500001, 
07/22/2018 09,25.10000038,24,24.70166658, 
07/22/2018 10,26.70000076,25.20000076,25.95833337, 
07/22/2018 11,27.5,26.5,26.9266668, 
07/22/2018 12,29.20000076,27.5,28.4250001, 
07/22/2018 13,29,28.5,28.80999997, 
07/22/2018 14,29.29999924,27.5,28.53166679, 
07/22/2018 15,28,26.60000038,27.69666653, 
07/22/2018 16,26.5,25.79999924,26.16166652, 
07/22/2018 17,26.60000038,26.39999962,26.4749999, 
07/22/2018 18,26.39999962,25.89999962,26.10338993, 
07/22/2018 19,25.89999962,25.5,25.71833331, 
07/22/2018 20,25.5,24.60000038,24.80500018, 
07/22/2018 21,24.79999924,24,24.37833357, 
07/22/2018 22,24.29999924,20.5,22.17000024, 
07/22/2018 23,21.10000038,20.79999924,20.89833295, 
07/23/2018 00,21.20000076,20.79999924,20.98644063, 
07/23/2018 01,21.29999924,21.20000076,21.25499992, 
07/23/2018 02,21.39999962,21.20000076,21.28666636, 
07/23/2018 03,21.20000076,21,21.07333361, 
07/23/2018 04,21.10000038,20.79999924,20.92833306, 
07/23/2018 05,21,20.79999924,20.8766662, 
07/23/2018 06,21.39999962,20.70000076,20.92881342, 
07/23/2018 07,21.5,21,21.20333366, 
07/23/2018 08,22.29999924,21.20000076,21.66166684, 
07/23/2018 09,23.70000076,21.89999962,22.8833334, 
07/23/2018 10,28.10000038,23.79999924,26.7316665, 
07/23/2018 11,28.29999924,27.20000076,27.80333312, 
07/23/2018 12,29.29999924,28.29999924,28.77833341, 
07/23/2018 13,29.5,28.5,29.06000007, 
07/23/2018 14,29.29999924,28.70000076,29.03833329, 
07/23/2018 15,29.20000076,27.70000076,28.33999993, 
07/23/2018 16,27.60000038,25.89999962,26.2750001, 
07/23/2018 17,26.39999962,26,26.26666651, 
07/23/2018 18,26.29999924,25.89999962,26.05666663, 
07/23/2018 19,25.89999962,25,25.36500015, 
07/23/2018 20,25,24.60000038,24.91166674, 
07/23/2018 21,24.60000038,24.10000038,24.25500027, 
07/23/2018 22,24.10000038,23.89999962,23.95333316, 
07/23/2018 23,24,23.39999962,23.71864409, 
07/24/2018 00,23.39999962,22.79999924,23.0783329, 
07/24/2018 01,22.89999962,22.70000076,22.80333296, 
07/24/2018 02,22.70000076,22.29999924,22.41694884, 
07/24/2018 03,22.70000076,22.39999962,22.58000031, 
07/24/2018 04,22.70000076,22.29999924,22.43333308, 
07/24/2018 05,22.5,22.29999924,22.37999954, 
07/24/2018 06,23,22.5,22.81999985, 
07/24/2018 07,23.60000038,22.89999962,23.29999997, 
07/24/2018 08,24.39999962,23.60000038,23.80169529, 
07/24/2018 09,25.89999962,24.39999962,25.2433334, 
07/24/2018 10,27.29999924,25.79999924,26.35833321, 
07/24/2018 11,29,27.20000076,28.11833334, 
07/24/2018 12,29.20000076,28.39999962,28.90500002, 
07/24/2018 13,29.29999924,27.39999962,28.20677964, 
07/24/2018 14,28.39999962,27.5,28.01666641, 
07/24/2018 15,29.20000076,26.60000038,28.0183334, 
07/24/2018 16,26.60000038,21,22.91166665, 
07/24/2018 17,21.70000076,20.79999924,21.12666661, 
07/24/2018 18,21.39999962,20.89999962,21.11694915, 
07/24/2018 19,21.5,21.29999924,21.41499968, 
07/24/2018 20,21.70000076,21.39999962,21.51500006, 
07/24/2018 21,21.89999962,21.5,21.68644077, 
07/24/2018 22,21.89999962,21,21.50000019, 
07/24/2018 23,21.20000076,21.10000038,21.17500067, 
07/25/2018 00,21.29999924,21.20000076,21.23333359, 
07/25/2018 01,21.39999962,21.29999924,21.35666612, 
07/25/2018 02,21.39999962,21.10000038,21.30999962, 
07/25/2018 03,21.20000076,21,21.1483339, 
07/25/2018 04,21.20000076,21.10000038,21.16500063, 
07/25/2018 05,21.20000076,21.10000038,21.11500044, 
07/25/2018 06,21.29999924,21,21.10500034, 
07/25/2018 07,21.60000038,21.10000038,21.33166666, 
07/25/2018 08,22.5,21.5,21.87666674, 
07/25/2018 09,24.10000038,21.79999924,22.71999982, 
07/25/2018 10,25.39999962,24.20000076,25.04500001, 
07/25/2018 11,26.79999924,25.29999924,26.1166667, 
07/25/2018 12,28.39999962,26.5,27.50166664, 
07/25/2018 13,28,27.5,27.71999995, 
07/25/2018 14,28.60000038,26.5,27.47833335, 
07/25/2018 15,26.29999924,21.89999962,23.36333335, 
07/25/2018 16,25,21.89999962,22.84833326, 
07/25/2018 17,25.60000038,25,25.3983332, 
07/25/2018 18,25.5,24.70000076,25.07499968, 
07/25/2018 19,24.79999924,24,24.4100002, 
07/25/2018 20,24.10000038,23,23.73833338, 
07/25/2018 21,22.89999962,21.20000076,21.50000017, 
07/25/2018 22,21.20000076,21,21.13500051, 
07/25/2018 23,21.29999924,21,21.14166714, 
07/26/2018 00,21.29999924,21.10000038,21.21833359, 
07/26/2018 01,21.20000076,20.79999924,21.06000023, 
07/26/2018 02,21,20.70000076,20.83166615, 
07/26/2018 03,20.89999962,20.70000076,20.803333, 
07/26/2018 04,20.79999924,20.70000076,20.77586167, 
07/26/2018 05,20.89999962,20.60000038,20.82203377, 
07/26/2018 06,21.20000076,20.60000038,20.94833368, 
07/26/2018 07,21.5,21.20000076,21.29666659, 
07/26/2018 08,22.89999962,21.20000076,22.16999995, 
07/26/2018 09,25.89999962,22.79999924,24.80833337, 
07/26/2018 10,26.60000038,25.39999962,26.00500008, 
07/26/2018 11,25.89999962,24.60000038,25.38833338, 
07/26/2018 12,26.5,24.60000038,25.73898296, 
07/26/2018 13,27.39999962,26.20000076,26.82881339, 
07/26/2018 14,28.60000038,27,27.8816666, 
07/26/2018 15,28.60000038,27.60000038,28.05000006, 
07/26/2018 16,27.79999924,25.70000076,26.59333315, 
07/26/2018 17,26.20000076,25,25.85166667, 
07/26/2018 18,24.79999924,22.5,23.63666684, 
07/26/2018 19,22.70000076,22.39999962,22.51500006, 
07/26/2018 20,23.10000038,22.70000076,22.89833307, 
07/26/2018 21,23.20000076,22.20000076,22.6916667, 
07/26/2018 22,22.10000038,21.5,21.68000015, 
07/26/2018 23,21.60000038,21.29999924,21.4383331, 
07/27/2018 00,21.5,21.29999924,21.35593165, 
07/27/2018 01,21.5,21.29999924,21.41016915, 
07/27/2018 02,21.39999962,21.29999924,21.36166614, 
07/27/2018 03,21.39999962,21.29999924,21.33833272, 
07/27/2018 04,21.5,21.29999924,21.413333, 
07/27/2018 05,21.60000038,21.29999924,21.46833321, 
07/27/2018 06,22.60000038,21.60000038,22.07758604, 
07/27/2018 07,23.20000076,22.60000038,22.81666648, 
07/27/2018 08,24.70000076,23.29999924,24.06949131, 
07/27/2018 09,25,24,24.58666674, 
07/27/2018 10,25.79999924,23.70000076,24.56999992, 
07/27/2018 11,25.79999924,25,25.3366669, 
07/27/2018 12,27.10000038,25.70000076,26.42999996, 
07/27/2018 13,28.29999924,27.20000076,27.69666675, 
07/27/2018 14,27.79999924,25.20000076,26.27666683, 
07/27/2018 15,27,25.39999962,25.90666653, 
07/27/2018 16,25.79999924,25,25.31333351, 
07/27/2018 17,25.5,24.10000038,24.93166656, 
07/27/2018 18,24.10000038,23.20000076,23.4649998, 
07/27/2018 19,23.39999962,23.10000038,23.26166633, 
07/27/2018 20,23.5,22.89999962,23.2916667, 
07/27/2018 21,22.89999962,22.29999924,22.5850001, 
07/27/2018 22,22.5,22.10000038,22.3083334, 
07/27/2018 23,22.20000076,21.89999962,22.02833344, 
07/28/2018 00,22.20000076,21.89999962,21.99166663, 
07/28/2018 01,22.10000038,21.89999962,21.97999992, 
07/28/2018 02,22.10000038,21.89999962,22.01500006, 
07/28/2018 03,22.20000076,22,22.08166698, 
07/28/2018 04,22.20000076,21.89999962,21.9816666, 
07/28/2018 05,22.10000038,21.89999962,22.00833337, 
07/28/2018 06,22.70000076,22.10000038,22.40666698, 
07/28/2018 07,22.70000076,22.10000038,22.45833371, 
07/28/2018 08,22.60000038,22.20000076,22.40000013, 
07/28/2018 09,22.89999962,22.5,22.65000032, 
07/28/2018 10,23,22.5,22.74833349, 
07/28/2018 11,23.70000076,22,22.57333336, 
07/28/2018 12,26.20000076,23.60000038,24.65166661, 
07/28/2018 13,27.29999924,25.79999924,26.67333336, 
07/28/2018 14,28.10000038,27,27.51666676, 
07/28/2018 15,28.70000076,26.39999962,27.65000016, 
07/28/2018 16,26.29999924,25.5,25.85517265, 
07/28/2018 17,25.5,25.29999924,25.35084689, 
07/28/2018 18,25.29999924,24.70000076,24.9600001, 
07/28/2018 19,24.70000076,24.39999962,24.57666696, 
07/28/2018 20,24.39999962,23.70000076,23.97499959, 
07/28/2018 21,23.70000076,23.39999962,23.57833363, 
07/28/2018 22,23.5,23,23.40999997, 
07/28/2018 23,23,22.79999924,22.85666612, 
07/29/2018 00,23,22.79999924,22.95499983, 
07/29/2018 01,22.89999962,22.70000076,22.76999982, 
07/29/2018 02,22.89999962,22.60000038,22.79166632, 
07/29/2018 03,22.60000038,22.39999962,22.51500006, 
07/29/2018 04,22.5,22.29999924,22.40166629, 
07/29/2018 05,22.5,22.29999924,22.39166625, 
07/29/2018 06,22.70000076,22.29999924,22.42833306, 
07/29/2018 07,23.5,22.70000076,23.27833322, 
07/29/2018 08,25,23.5,24.39666659, 
07/29/2018 09,26.10000038,24.79999924,25.62166656, 
07/29/2018 10,26.89999962,25.79999924,26.3966101, 
07/29/2018 11,27.10000038,26.39999962,26.89833333, 
07/29/2018 12,28.20000076,26.60000038,27.55499989, 
07/29/2018 13,27.89999962,23.79999924,25.27499997, 
07/29/2018 14,24.20000076,23.5,23.81666686, 
07/29/2018 15,23.89999962,23.5,23.65500031, 
07/29/2018 16,24.60000038,23.70000076,24.14833336, 
07/29/2018 17,24.60000038,23.89999962,24.15666691, 
07/29/2018 18,23.89999962,23.5,23.70666637, 
07/29/2018 19,23.5,23,23.14833342, 
07/29/2018 20,23,22.79999924,22.8699995, 
07/29/2018 21,22.79999924,22.70000076,22.79333267, 
07/29/2018 22,22.70000076,22.60000038,22.65333392, 
07/29/2018 23,22.70000076,22.10000038,22.24666697, 
07/30/2018 00,22.20000076,22,22.10833375, 
07/30/2018 01,22,21.79999924,21.86166614, 
07/30/2018 02,21.89999962,21.70000076,21.78833278, 
07/30/2018 03,21.79999924,21.60000038,21.65333389, 
07/30/2018 04,21.70000076,21.5,21.61666711, 
07/30/2018 05,21.60000038,21.5,21.54500017, 
07/30/2018 06,22.39999962,21.5,21.94500004, 
07/30/2018 07,23.5,22.39999962,22.77833338, 
07/30/2018 08,24.39999962,23.39999962,23.89000003, 
07/30/2018 09,25,24.39999962,24.80666653, 
07/30/2018 10,25.39999962,24.79999924,25.14333347, 
07/30/2018 11,25.70000076,25.10000038,25.41999989, 
07/30/2018 12,26.39999962,25.29999924,25.73833323, 
07/30/2018 13,26.5,25.10000038,25.75, 
07/30/2018 14,26.20000076,25.5,25.79833358, 
07/30/2018 15,27.20000076,25.79999924,26.52000004, 
07/30/2018 16,26.39999962,25.70000076,26.10166642, 
07/30/2018 17,25.79999924,25,25.41186443, 
07/30/2018 18,25,24,24.50666666, 
07/30/2018 19,24,23.29999924,23.76333307, 
07/30/2018 20,23.29999924,22.70000076,22.98000008, 
07/30/2018 21,22.79999924,22.5,22.66666695, 
07/30/2018 22,22.70000076,22.39999962,22.57931065, 
07/30/2018 23,22.5,22.20000076,22.28833345, 
07/31/2018 00,22.70000076,22.5,22.59000034, 
07/31/2018 01,22.70000076,22.5,22.59333369, 
07/31/2018 02,22.5,21.89999962,22.02333314, 
07/31/2018 03,21.89999962,21.60000038,21.74500011, 
07/31/2018 04,21.70000076,21.39999962,21.5616669, 
07/31/2018 05,21.39999962,20.79999924,20.98666646, 
07/31/2018 06,21.20000076,20.70000076,20.90500002, 
07/31/2018 07,22.10000038,21.20000076,21.65000003, 
07/31/2018 08,25.60000038,22.20000076,23.81333345, 
07/31/2018 09,25.89999962,25.20000076,25.52333326, 
07/31/2018 10,26.89999962,25.20000076,26.03833335, 
07/31/2018 11,27.29999924,26.39999962,26.92000004, 
07/31/2018 12,27.29999924,26,26.53833338, 
07/31/2018 13,28.5,27.20000076,27.9416666, 
07/31/2018 14,27.89999962,25,26.91666676, 
07/31/2018 15,25,24.29999924,24.57666651, 
07/31/2018 16,25.5,24.39999962,24.99999994, 
07/31/2018 17,25.39999962,24.5,24.94833333, 
07/31/2018 18,24.5,21.79999924,23.21166658, 
07/31/2018 19,21.60000038,20.89999962,21.29499973, 
07/31/2018 20,21.39999962,20.79999924,20.99666653, 
07/31/2018 21,20.89999962,20.20000076,20.36333342, 
07/31/2018 22,20.79999924,20.39999962,20.64333337, 
07/31/2018 23,20.89999962,20.70000076,20.76999985, 
