datetime, Max, Min, Average
09/01/2017 00, 22.7000007629, 22.5, 22.61190518878334, 
09/01/2017 01, 22.7000007629, 22.2000007629, 22.51166680654001, 
09/01/2017 02, 22.2000007629, 22, 22.06333357494332, 
09/01/2017 03, 22, 21.5, 21.81499986646833, 
09/01/2017 04, 21.7000007629, 21.3999996185, 21.60612285379999, 
09/01/2017 05, 21.7000007629, 21.5, 21.54666684468832, 
09/01/2017 06, 22.1000003815, 21.6000003815, 21.80666666031666, 
09/01/2017 07, 22.8999996185, 21.8999996185, 22.36666657131502, 
09/01/2017 08, 24.2000007629, 22.7000007629, 23.280000146224992, 
09/01/2017 09, 25.7999992371, 24.2000007629, 25.103333504998332, 
09/01/2017 10, 27.2999992371, 25.5, 26.075438817342103, 
09/01/2017 11, 26.2999992371, 25.2999992371, 25.92978704738086, 
09/01/2017 12, 24.5, 24, 24.15952414557619, 
09/01/2017 13, 27.3999996185, 24.2000007629, 25.923333390554998, 
09/01/2017 14, 28, 27.2000007629, 27.608333174375005, 
09/01/2017 15, 27.3999996185, 26.2999992371, 26.749999777468346, 
09/01/2017 16, 27.6000003815, 26.3999996185, 26.861666838329988, 
09/01/2017 17, 26.7000007629, 24.5, 25.863333384203337, 
09/01/2017 18, 24.5, 23.8999996185, 24.17833356857332, 
09/01/2017 19, 23.8999996185, 23.5, 23.734482798075852, 
09/01/2017 20, 23.2999992371, 23.1000003815, 23.139024781031708, 
09/01/2017 21, 23.2999992371, 22.1000003815, 22.786792503207547, 
09/01/2017 22, 21.8999996185, 21.2000007629, 21.561764997573533, 
09/01/2017 23, 21.2000007629, 20.5, 20.9068966569431, 
09/02/2017 00, 20.6000003815, 20, 20.453658545895127, 
09/02/2017 01, 20, 19.8999996185, 19.96166652042501, 
09/02/2017 02, 20.2000007629, 19.8999996185, 20.07166694004998, 
09/02/2017 03, 20.2000007629, 19.8999996185, 20.041666825599986, 
09/02/2017 04, 20.2000007629, 19.8999996185, 20.02833344142167, 
09/02/2017 05, 20.2000007629, 19.8999996185, 20.020000076286653, 
09/02/2017 06, 20.7000007629, 20.1000003815, 20.364102926007686, 
09/02/2017 07, 21.8999996185, 20.7000007629, 21.28166669210001, 
09/02/2017 08, 22.8999996185, 21.7999992371, 22.19999984593846, 
09/02/2017 09, 24.6000003815, 23, 24.157142866228565, 
09/02/2017 10, 26, 24.6000003815, 25.208333301546666, 
09/02/2017 11, 26.8999996185, 25.5, 26.17833325068501, 
09/02/2017 12, 26.2999992371, 25.1000003815, 25.525000063581672, 
09/02/2017 13, 27.6000003815, 26, 27.041666730251663, 
09/02/2017 14, 28.1000003815, 26.5, 27.06499996185335, 
09/02/2017 15, 26.5, 25, 25.61914902544468, 
09/02/2017 16, 25.2000007629, 25, 25.14727328906361, 
09/02/2017 17, 25.2000007629, 24.7000007629, 24.969230896394873, 
09/02/2017 18, 24.6000003815, 23.8999996185, 24.22083318233541, 
09/02/2017 19, 23.8999996185, 23.1000003815, 23.518333307898324, 
09/02/2017 20, 23.2000007629, 22.8999996185, 23.023333422323347, 
09/02/2017 21, 22.8999996185, 22.3999996185, 22.703333441414983, 
09/02/2017 22, 22.3999996185, 21.8999996185, 22.03166659671835, 
09/02/2017 23, 22, 21.8999996185, 21.931666405975005, 
09/03/2017 00, 22.1000003815, 21, 21.51333344776833, 
09/03/2017 01, 21, 20.7999992371, 20.834999370591685, 
09/03/2017 02, 20.7999992371, 20.2999992371, 20.439130078171747, 
09/03/2017 03, 20.6000003815, 20.2999992371, 20.439999771108333, 
09/03/2017 04, 20.3999996185, 20.2000007629, 20.301666100843352, 
09/03/2017 05, 20.2999992371, 19.7000007629, 20.10526345905, 
09/03/2017 06, 20.3999996185, 19.7000007629, 19.953333187100018, 
09/03/2017 07, 22.1000003815, 20.3999996185, 21.06666666666667, 
09/03/2017 08, 23.7999992371, 22.2000007629, 23.030000019074986, 
09/03/2017 09, 24.5, 23.7000007629, 24.054999796555023, 
09/03/2017 10, 26.7999992371, 24.5, 25.936666711175004, 
09/03/2017 11, 26.7999992371, 25.6000003815, 26.261666647598336, 
09/03/2017 12, 26, 24.6000003815, 25.406521963034788, 
09/03/2017 13, 26.7999992371, 25.8999996185, 26.311666774754993, 
09/03/2017 14, 27, 25.8999996185, 26.479310331665516, 
09/03/2017 15, 26.5, 25, 25.37333335877166, 
09/03/2017 16, 25.7000007629, 25, 25.23333337572, 
09/03/2017 17, 25.1000003815, 24.2999992371, 24.825000031791667, 
09/03/2017 18, 24.2000007629, 23.3999996185, 23.748333422339996, 
09/03/2017 19, 23.5, 23.2999992371, 23.448333136241686, 
09/03/2017 20, 23.2999992371, 22.7999992371, 23.028333346055025, 
09/03/2017 21, 22.8999996185, 22.3999996185, 22.593333180745002, 
09/03/2017 22, 22.3999996185, 22.2999992371, 22.35166610082336, 
09/03/2017 23, 22.2999992371, 21.8999996185, 22.090000076294004, 
09/04/2017 00, 22.1000003815, 21.7999992371, 21.939024157636588, 
09/04/2017 01, 21.7999992371, 21.7000007629, 21.718333816503314, 
09/04/2017 02, 21.7999992371, 21.7000007629, 21.74999999999999, 
09/04/2017 03, 21.7999992371, 21.2000007629, 21.564999548610025, 
09/04/2017 04, 21.2999992371, 21.2000007629, 21.225000381449995, 
09/04/2017 05, 21.2000007629, 21.1000003815, 21.116667111733314, 
09/04/2017 06, 21.7999992371, 21.2000007629, 21.418333466843322, 
09/04/2017 07, 22.7999992371, 21.7999992371, 22.07674385781395, 
09/04/2017 08, 23.8999996185, 22.7999992371, 23.511666456866685, 
09/04/2017 09, 25.7999992371, 23.7999992371, 24.28333320617333, 
09/04/2017 10, 26.2999992371, 25.5, 25.83137280333725, 
09/04/2017 11, 27.1000003815, 26.2999992371, 26.651063634995744, 
09/04/2017 12, 28.2000007629, 26.3999996185, 27.124000015255998, 
09/04/2017 13, 28.8999996185, 27.6000003815, 28.244999949133327, 
09/04/2017 14, 28.7000007629, 27.5, 28.198333358764994, 
09/04/2017 15, 28.5, 27.5, 27.93333336511665, 
09/04/2017 16, 28.2000007629, 25.7000007629, 26.500000063578334, 
09/04/2017 17, 26.2999992371, 25, 25.788888973662228, 
09/04/2017 18, 25, 24.2999992371, 24.57999989192168, 
09/04/2017 19, 24.2000007629, 23.3999996185, 23.73333339690833, 
09/04/2017 20, 23.5, 23, 23.218333435061655, 
09/04/2017 21, 23, 22.6000003815, 22.802222061153326, 
09/04/2017 22, 22.3999996185, 22, 22.166666891066654, 
09/04/2017 23, 22.1000003815, 21.5, 21.726666736606656, 
09/05/2017 00, 21.5, 21.2000007629, 21.324999777483317, 
09/05/2017 01, 21.2000007629, 20.6000003815, 20.895000139869985, 
09/05/2017 02, 20.7999992371, 20.6000003815, 20.636667156226643, 
09/05/2017 03, 20.7999992371, 20.2999992371, 20.614285332833326, 
09/05/2017 04, 20.7000007629, 20.2999992371, 20.53500013350997, 
09/05/2017 05, 20.7999992371, 20.6000003815, 20.696667130773328, 
09/05/2017 06, 21, 20.5, 20.683333487740484, 
09/05/2017 07, 22.3999996185, 21, 21.395121969829265, 
09/05/2017 08, 25.2000007629, 22.7999992371, 23.7980768130423, 
09/05/2017 09, 26.7999992371, 25.2000007629, 26.04000002542833, 
09/05/2017 10, 28.2000007629, 26.8999996185, 27.313333225250013, 
09/05/2017 11, 29.1000003815, 27.7000007629, 28.65333328246334, 
09/05/2017 12, 28.7999992371, 27.5, 27.876666609455008, 
09/05/2017 13, 29.7000007629, 27.8999996185, 28.615000152583328, 
09/05/2017 14, 28.2999992371, 25.5, 27.279999987290015, 
09/05/2017 15, 25, 21.1000003815, 21.567272949201808, 
09/05/2017 16, 22, 21.2000007629, 21.741666507718357, 
09/05/2017 17, 22.2000007629, 21.5, 21.859999847411675, 
09/05/2017 18, 22.2000007629, 21.3999996185, 21.844999949128344, 
09/05/2017 19, 23.3999996185, 21.8999996185, 22.396666622156662, 
09/05/2017 20, 23.3999996185, 22.8999996185, 23.199999809271667, 
09/05/2017 21, 23, 22.7999992371, 22.929999732960027, 
09/05/2017 22, 22.7999992371, 22.5, 22.706666469598325, 
09/05/2017 23, 22.5, 22.2999992371, 22.40166629153501, 
09/06/2017 00, 22.6000003815, 22.2999992371, 22.421666367855032, 
09/06/2017 01, 22.2999992371, 22, 22.1474581572949, 
09/06/2017 02, 22.2999992371, 22, 22.097619329188092, 
09/06/2017 03, 22.1000003815, 21.8999996185, 21.984999942775016, 
09/06/2017 04, 21.8999996185, 21.6000003815, 21.70333363214666, 
09/06/2017 05, 21.6000003815, 21.1000003815, 21.365000057231658, 
09/06/2017 06, 21.3999996185, 21.1000003815, 21.17000048954666, 
09/06/2017 07, 23.1000003815, 21.3999996185, 22.163333352409992, 
09/06/2017 08, 25.3999996185, 23.1000003815, 24.05833342869834, 
09/06/2017 09, 26, 25.2999992371, 25.670833031354164, 
09/06/2017 10, 27.7999992371, 26.7000007629, 27.1833333515, 
09/06/2017 11, 29.1000003815, 26.7000007629, 27.47999986013, 
09/06/2017 12, 29.5, 28.6000003815, 29.03454548228364, 
09/06/2017 13, 30, 27.6000003815, 28.636666647594996, 
09/06/2017 14, 29.1000003815, 28.5, 28.82833340962833, 
09/06/2017 15, 29.2000007629, 28.1000003815, 28.616666698456676, 
09/06/2017 16, 28.3999996185, 26.2999992371, 27.389999930060004, 
09/06/2017 17, 26.2999992371, 25.2000007629, 25.611666870108333, 
09/06/2017 18, 25.1000003815, 24.6000003815, 24.96166664759667, 
09/06/2017 19, 24.5, 23.8999996185, 23.99655151365517, 
09/06/2017 20, 23.8999996185, 23.6000003815, 23.82666619619334, 
09/06/2017 21, 23.6000003815, 23.6000003815, 23.600000381500006, 
09/06/2017 22, 23.2000007629, 22.8999996185, 23.08000030514, 
09/06/2017 23, 22.8999996185, 22.5, 22.70000011164877, 
09/07/2017 00, 22.5, 22, 22.258333428701665, 
09/07/2017 01, 22.1000003815, 21.7999992371, 21.959999847405015, 
09/07/2017 02, 21.8999996185, 21.7000007629, 21.79666601820001, 
09/07/2017 03, 21.7000007629, 21.3999996185, 21.486666615793347, 
09/07/2017 04, 21.6000003815, 21.5, 21.573333613099987, 
09/07/2017 05, 21.5, 21, 21.17166703541833, 
09/07/2017 06, 21.7000007629, 20.8999996185, 21.203333409626662, 
09/07/2017 07, 22.6000003815, 21.2999992371, 21.623999824513994, 
09/07/2017 08, 25.2999992371, 23.7999992371, 24.61388895247222, 
09/07/2017 09, 27.1000003815, 25.1000003815, 25.750000095368325, 
09/07/2017 10, 27.3999996185, 26, 26.648333517708327, 
09/07/2017 11, 27.8999996185, 26.6000003815, 27.243333244328344, 
09/07/2017 12, 28.7000007629, 27.7999992371, 28.159999974568343, 
09/07/2017 13, 28.7000007629, 27.8999996185, 28.325000095356657, 
09/07/2017 14, 28.5, 27.5, 28.049999809261674, 
09/07/2017 15, 28.1000003815, 26.2000007629, 27.105882308061766, 
09/07/2017 16, 26, 23.1000003815, 24.22121221368485, 
09/07/2017 17, 22.8999996185, 20.7999992371, 21.743589645774364, 
09/07/2017 18, 21.2000007629, 21, 21.136667188006655, 
09/07/2017 19, 21.3999996185, 21.1000003815, 21.163636710434552, 
09/07/2017 20, 22.1000003815, 21.3999996185, 21.935000006358322, 
09/07/2017 21, 22.1000003815, 21.7000007629, 21.899999745695013, 
09/07/2017 22, 21.8999996185, 21.7000007629, 21.768333148963347, 
09/07/2017 23, 21.7999992371, 21.6000003815, 21.67105313350526, 
09/08/2017 00, 21.6000003815, 21.2000007629, 21.290000104885003, 
09/08/2017 01, 21.2999992371, 21.2000007629, 21.265957203329787, 
09/08/2017 02, 21.3999996185, 21.2000007629, 21.273214101796412, 
09/08/2017 03, 21.2999992371, 21.2000007629, 21.22380992342381, 
09/08/2017 04, 21.2000007629, 20.7999992371, 20.995238077064293, 
09/08/2017 05, 20.7999992371, 20.6000003815, 20.660000578553316, 
09/08/2017 06, 21, 20.7000007629, 20.84999974566835, 
09/08/2017 07, 22.3999996185, 21, 21.673333422341667, 
09/08/2017 08, 23, 22.3999996185, 22.611666679379997, 
09/08/2017 09, 25, 22.8999996185, 23.614999961851666, 
09/08/2017 10, 26.6000003815, 24.3999996185, 25.651666609456665, 
09/08/2017 11, 28.1000003815, 26.6000003815, 27.34666678110833, 
09/08/2017 12, 28.2999992371, 26.7999992371, 27.241666507723334, 
09/08/2017 13, 28.6000003815, 28, 28.27222235997777, 
09/08/2017 14, 28.3999996185, 27.7000007629, 27.933333269750015, 
09/08/2017 15, 28.1000003815, 27.6000003815, 27.918333339696666, 
09/08/2017 16, 27.7999992371, 26.7000007629, 27.148333263399994, 
09/08/2017 17, 26.7999992371, 25.5, 26.050000031794998, 
09/08/2017 18, 25.3999996185, 24.7000007629, 25.08823548109999, 
09/08/2017 19, 24.7999992371, 24.6000003815, 24.68235318801764, 
09/08/2017 20, 24.6000003815, 23.8999996185, 24.304999987281676, 
09/08/2017 21, 23.8999996185, 23.3999996185, 23.600000039130773, 
09/08/2017 22, 23, 22.7999992371, 22.92978696619363, 
09/08/2017 23, 22.7999992371, 22.1000003815, 22.551666895553318, 
09/09/2017 00, 22.2000007629, 22, 22.079412067638238, 
09/09/2017 01, 22, 21.2000007629, 21.684999720253344, 
09/09/2017 02, 21.2000007629, 21, 21.090000343321663, 
09/09/2017 03, 21.1000003815, 20.7999992371, 20.896666272491675, 
09/09/2017 04, 20.8999996185, 20.6000003815, 20.79999999997999, 
09/09/2017 05, 20.7999992371, 20.7000007629, 20.748333358763315, 
09/09/2017 06, 21.2999992371, 20.7000007629, 21.036666870108313, 
09/09/2017 07, 23.2999992371, 21.2999992371, 22.29333327611167, 
09/09/2017 08, 24.6000003815, 23.3999996185, 24.114999834693332, 
09/09/2017 09, 26.2999992371, 24.5, 25.65333331426333, 
09/09/2017 10, 27.5, 25.5, 26.472727385434087, 
09/09/2017 11, 28.1000003815, 26.8999996185, 27.73333336512834, 
09/09/2017 12, 28.7000007629, 27.7000007629, 28.27666676838832, 
09/09/2017 13, 29, 28.1000003815, 28.498333422343332, 
09/09/2017 14, 29, 28.2999992371, 28.60666672388999, 
09/09/2017 15, 29.3999996185, 28.1000003815, 28.87833331425499, 
09/09/2017 16, 28.2999992371, 26.8999996185, 27.431666946403304, 
09/09/2017 17, 27.1000003815, 25.6000003815, 26.463888804122224, 
09/09/2017 18, 25.2999992371, 24.3999996185, 24.87118649887288, 
09/09/2017 19, 24.5, 24.1000003815, 24.227273189636367, 
09/09/2017 20, 24.2000007629, 23.8999996185, 24.078846454621154, 
09/09/2017 21, 24.1000003815, 23.5, 23.798275783148267, 
09/09/2017 22, 23.5, 23.1000003815, 23.298333485918324, 
09/09/2017 23, 23.1000003815, 22.7000007629, 22.964999930076697, 
09/10/2017 00, 22.7000007629, 22.2999992371, 22.481666596731703, 
09/10/2017 01, 22.2999992371, 22, 22.16166721977833, 
09/10/2017 02, 22, 21.7000007629, 21.891666444143343, 
09/10/2017 03, 21.7000007629, 21.3999996185, 21.54000015259167, 
09/10/2017 04, 21.6000003815, 21.2999992371, 21.44833313623833, 
09/10/2017 05, 21.5, 21.1000003815, 21.341666698453324, 
09/10/2017 06, 21.3999996185, 21, 21.153333663935012, 
09/10/2017 07, 23, 21.3999996185, 22.16666663487835, 
09/10/2017 08, 25.2999992371, 23.1000003815, 24.426666704811662, 
09/10/2017 09, 27.2000007629, 25.1000003815, 26.134999879205, 
09/10/2017 10, 28.3999996185, 26.3999996185, 27.183333365121666, 
09/10/2017 11, 28.5, 26.7000007629, 27.58166666030666, 
09/10/2017 12, 29.2999992371, 28.1000003815, 28.634999942781672, 
09/10/2017 13, 29.2999992371, 28.7000007629, 28.94333330790333, 
09/10/2017 14, 29.1000003815, 28.1000003815, 28.769999949145006, 
09/10/2017 15, 28.7000007629, 27.7000007629, 28.17166662215834, 
09/10/2017 16, 28.1000003815, 27.2000007629, 27.53888875466482, 
09/10/2017 17, 27.3999996185, 26, 26.365909099581813, 
09/10/2017 18, 26, 25.2999992371, 25.66999979019167, 
09/10/2017 19, 25.2999992371, 25, 25.175000254319983, 
09/10/2017 20, 25.2000007629, 24.6000003815, 24.868333530423307, 
09/10/2017 21, 24.7000007629, 24.1000003815, 24.415000057218336, 
09/10/2017 22, 24.1000003815, 23.7999992371, 23.87499952317501, 
09/10/2017 23, 24.2000007629, 23.1000003815, 23.823333326964995, 
09/11/2017 00, 23.1000003815, 22.2000007629, 22.517073096297562, 
09/11/2017 01, 22.5, 22.2000007629, 22.280000050848894, 
09/11/2017 02, 22.1000003815, 21.7000007629, 21.923999786368007, 
09/11/2017 03, 21.7999992371, 21.6000003815, 21.69767503957442, 
09/11/2017 04, 21.7999992371, 21.2000007629, 21.61833333970167, 
09/11/2017 05, 21.2000007629, 21, 21.101667054501664, 
09/11/2017 06, 21.3999996185, 21.1000003815, 21.22166681289669, 
09/11/2017 07, 23.1000003815, 21.3999996185, 21.93500010173, 
09/11/2017 08, 26, 23.1000003815, 24.144999917348336, 
09/11/2017 09, 26.3999996185, 24.7000007629, 25.393333371483322, 
09/11/2017 10, 27.3999996185, 26.2999992371, 26.869444317286117, 
09/11/2017 11, 28.5, 27.2999992371, 27.95333299637168, 
09/11/2017 12, 28.7999992371, 27.8999996185, 28.22833350499333, 
09/11/2017 13, 29, 27.8999996185, 28.500000048900002, 
09/11/2017 14, 28.7999992371, 28, 28.462000083926004, 
09/11/2017 15, 28.6000003815, 28, 28.233333269758337, 
09/11/2017 16, 28.2000007629, 27, 27.806666851051666, 
09/11/2017 17, 26.8999996185, 25.2999992371, 25.950000031791664, 
09/11/2017 18, 25.2999992371, 24.3999996185, 24.960000101724997, 
09/11/2017 19, 24.6000003815, 24.2999992371, 24.41999969481335, 
09/11/2017 20, 24.2999992371, 23.7999992371, 24.008333301538354, 
09/11/2017 21, 23.7999992371, 23.3999996185, 23.58648635244866, 
09/11/2017 22, 23.5, 23.1000003815, 23.34499975839666, 
09/11/2017 23, 23.1000003815, 22.8999996185, 23.008333365124997, 
09/12/2017 00, 23, 22.5, 22.73589750437435, 
09/12/2017 01, 22.7000007629, 22.5, 22.598333708458306, 
09/12/2017 02, 22.7000007629, 21.7999992371, 22.42333348593, 
09/12/2017 03, 21.7999992371, 20.5, 21.031666851053323, 
09/12/2017 04, 21, 19.3999996185, 20.236666615798335, 
09/12/2017 05, 19.6000003815, 19.2999992371, 19.463333193456677, 
09/12/2017 06, 19.7999992371, 19.2999992371, 19.537254819674505, 
09/12/2017 07, 20.1000003815, 19, 19.473333485925, 
09/12/2017 08, 24.7999992371, 20, 22.121666781106665, 
09/12/2017 09, 26.2000007629, 24.5, 24.994286019474284, 
09/12/2017 10, 27.7000007629, 26.6000003815, 27.17037024321482, 
09/12/2017 11, 27.6000003815, 26.7000007629, 27.172222296399994, 
09/12/2017 12, 28.1000003815, 27.1000003815, 27.631666819251667, 
09/12/2017 13, 28.7000007629, 27.7999992371, 28.171666812899993, 
09/12/2017 14, 28.8999996185, 27.7999992371, 28.195000012716672, 
09/12/2017 15, 29.2000007629, 28.1000003815, 28.776666641238325, 
09/12/2017 16, 28.3999996185, 27.1000003815, 27.738333257041674, 
09/12/2017 17, 27, 25.1000003815, 25.959999974573332, 
09/12/2017 18, 25, 24.2000007629, 24.653124809271876, 
09/12/2017 19, 24.2000007629, 24.1000003815, 24.176667340573296, 
09/12/2017 20, 24.1000003815, 23.7000007629, 23.98125016690624, 
09/12/2017 21, 23.7000007629, 23.2000007629, 23.342499923702498, 
09/12/2017 22, 23.2999992371, 23.1000003815, 23.258823245198037, 
09/12/2017 23, 23.2000007629, 22.8999996185, 22.992857115603577, 
09/13/2017 00, 23, 22.5, 22.610000006358337, 
09/13/2017 01, 22.5, 21.8999996185, 22.219999917335, 
09/13/2017 02, 22.1000003815, 20.5, 21.54500004450166, 
09/13/2017 03, 21.1000003815, 20.2000007629, 20.571666653948334, 
09/13/2017 04, 21.3999996185, 21.1000003815, 21.218333593996682, 
09/13/2017 05, 21.2000007629, 20.8999996185, 21.046666844680008, 
09/13/2017 06, 21.3999996185, 21.1000003815, 21.258182074783623, 
09/13/2017 07, 21.8999996185, 21.2000007629, 21.44074086789074, 
09/13/2017 08, 23, 21.8999996185, 22.606896564872415, 
09/13/2017 09, 25, 23, 24.214999898278332, 
09/13/2017 10, 26.6000003815, 24.7000007629, 25.303333314265004, 
09/13/2017 11, 27.7000007629, 26.3999996185, 26.91833327611166, 
09/13/2017 12, 27.8999996185, 27.1000003815, 27.44499979018834, 
09/13/2017 13, 28, 27, 27.536666806539994, 
09/13/2017 14, 27.2999992371, 26, 26.638333320621662, 
09/13/2017 15, 28.2000007629, 26.8999996185, 27.51333338419666, 
09/13/2017 16, 28.2999992371, 26.2999992371, 27.295555580971126, 
09/13/2017 17, 26.2999992371, 24.7000007629, 25.491666634885007, 
09/13/2017 18, 24.7000007629, 24, 24.281666851035002, 
09/13/2017 19, 24, 23.7000007629, 23.851666514064995, 
09/13/2017 20, 23.7999992371, 23.2000007629, 23.460000101721665, 
09/13/2017 21, 23.2000007629, 22.5, 22.906666819258326, 
09/13/2017 22, 22.5, 22.1000003815, 22.25333344142332, 
09/13/2017 23, 22.1000003815, 21.7000007629, 21.911666488651683, 
09/14/2017 00, 21.7000007629, 21.5, 21.550000190741653, 
09/14/2017 01, 21.8999996185, 21.6000003815, 21.759999783846645, 
09/14/2017 02, 21.6000003815, 21.2000007629, 21.39499988555334, 
09/14/2017 03, 21.3999996185, 21, 21.11666688919166, 
09/14/2017 04, 21.2000007629, 21, 21.15333391823165, 
09/14/2017 05, 21.1000003815, 20.8999996185, 20.97727264056819, 
09/14/2017 06, 21.2999992371, 20.7000007629, 21.036666488655005, 
09/14/2017 07, 22.5, 21.1000003815, 21.633333555853323, 
09/14/2017 08, 23.5, 22.5, 23.014999802911685, 
09/14/2017 09, 26, 23.3999996185, 24.868333117176686, 
09/14/2017 10, 27.8999996185, 26.1000003815, 26.938333257046672, 
09/14/2017 11, 29, 26.7999992371, 27.776666673025, 
09/14/2017 12, 28.7999992371, 27.6000003815, 28.348333485916662, 
09/14/2017 13, 28.7999992371, 28.2999992371, 28.54634140759512, 
09/14/2017 14, 29, 28.2000007629, 28.689830553728818, 
09/14/2017 15, 28.8999996185, 27.2000007629, 28.198333295183332, 
09/14/2017 16, 27.2000007629, 25.2999992371, 25.91000006993666, 
09/14/2017 17, 26.1000003815, 25, 25.6850000381575, 
09/14/2017 18, 25, 24.1000003815, 24.386667060849977, 
09/14/2017 19, 24.1000003815, 23.7000007629, 23.93499997456, 
09/14/2017 20, 23.7000007629, 23.2999992371, 23.496666653953348, 
09/14/2017 21, 23.2999992371, 22.7999992371, 22.99333324431502, 
09/14/2017 22, 22.7999992371, 22.1000003815, 22.501666673021646, 
09/14/2017 23, 22.1000003815, 21.7999992371, 21.92999973298002, 
09/15/2017 00, 21.8999996185, 21.2999992371, 21.682500028614996, 
09/15/2017 01, 21.3999996185, 21.1000003815, 21.230952580761898, 
09/15/2017 02, 21.1000003815, 20.5, 20.819298091689465, 
09/15/2017 03, 20.5, 20.1000003815, 20.33666661578666, 
09/15/2017 04, 20.3999996185, 20, 20.212068853708626, 
09/15/2017 05, 20.5, 20.2999992371, 20.374999523161684, 
09/15/2017 06, 21.1000003815, 20.3999996185, 20.698333390558336, 
09/15/2017 07, 22.7999992371, 21.1000003815, 21.66833324432667, 
09/15/2017 08, 23.5, 22.7999992371, 23.11833340326833, 
09/15/2017 09, 23.5, 22.8999996185, 23.217857224598223, 
09/15/2017 10, 25, 23.6000003815, 24.229411742258822, 
09/15/2017 11, 27.2000007629, 25, 26.183721010072087, 
09/15/2017 12, 29, 27.2000007629, 28.169767424111626, 
09/15/2017 13, 29.2000007629, 27.5, 28.085000038146664, 
09/15/2017 14, 28.1000003815, 27.5, 27.867857047478577, 
09/15/2017 15, 28.1000003815, 25.8999996185, 26.57826096078478, 
09/15/2017 16, 27.7000007629, 27.1000003815, 27.36499999363499, 
09/15/2017 17, 27.2000007629, 25, 26.063333320618327, 
09/15/2017 18, 25, 24.2999992371, 24.664999930075002, 
09/15/2017 19, 24.2999992371, 23.7000007629, 23.916666666666668, 
09/15/2017 20, 23.7000007629, 23, 23.430000178020002, 
09/15/2017 21, 23.1000003815, 22.7000007629, 22.92666676839165, 
09/15/2017 22, 22.7000007629, 22.1000003815, 22.305000273388316, 
09/15/2017 23, 22.2999992371, 21.6000003815, 22.062000350939993, 
09/16/2017 00, 21.5, 21.2999992371, 21.36046458400466, 
09/16/2017 01, 21.2999992371, 21.1000003815, 21.198333899156648, 
09/16/2017 02, 21.2000007629, 21, 21.08000030517666, 
09/16/2017 03, 21, 20.5, 20.695000298814993, 
09/16/2017 04, 20.5, 20.2000007629, 20.346666622149982, 
09/16/2017 05, 20.2000007629, 20, 20.118333784744983, 
09/16/2017 06, 20.8999996185, 20.1000003815, 20.366666952753334, 
09/16/2017 07, 22.3999996185, 20.8999996185, 21.52000010807833, 
09/16/2017 08, 25.3999996185, 22.3999996185, 24.055000019081664, 
09/16/2017 09, 26.7000007629, 25.3999996185, 26.23666655223001, 
09/16/2017 10, 28.2999992371, 26.5, 27.47142846244571, 
09/16/2017 11, 29.7999992371, 28.1000003815, 29.123333422346665, 
09/16/2017 12, 31.3999996185, 29.2000007629, 30.336666584011677, 
09/16/2017 13, 31, 29.5, 30.329999923701667, 
09/16/2017 14, 30.6000003815, 29, 29.671666622160007, 
09/16/2017 15, 29.6000003815, 27.1000003815, 28.048333263395, 
09/16/2017 16, 27.7000007629, 26.5, 27.205000273386656, 
09/16/2017 17, 26.5, 25.5, 25.931666596733326, 
09/16/2017 18, 25.5, 25.2999992371, 25.36999950408669, 
09/16/2017 19, 25.3999996185, 24.2999992371, 24.981355828755927, 
09/16/2017 20, 24.2000007629, 23.6000003815, 23.903333409619993, 
09/16/2017 21, 23.6000003815, 23.2999992371, 23.44339601047927, 
09/16/2017 22, 23.2999992371, 23.1000003815, 23.23611127005, 
09/16/2017 23, 23.1000003815, 22.7000007629, 22.894999853766674, 
09/17/2017 00, 22.8999996185, 22.5, 22.64833345413999, 
09/17/2017 01, 22.7000007629, 22.5, 22.648333899164978, 
09/17/2017 02, 22.7000007629, 22.2000007629, 22.525000222513338, 
09/17/2017 03, 22.2000007629, 21.8999996185, 22.012500047683943, 
09/17/2017 04, 22.2000007629, 22.1000003815, 22.108889304291104, 
09/17/2017 05, 22.1000003815, 21.7000007629, 21.856667009979976, 
09/17/2017 06, 22.1000003815, 21.6000003815, 21.81500018437667, 
09/17/2017 07, 23.7999992371, 22.1000003815, 22.7319149666617, 
09/17/2017 08, 26.8999996185, 23.8999996185, 25.23833338419501, 
09/17/2017 09, 29.1000003815, 26.8999996185, 27.96333325703834, 
09/17/2017 10, 29.2999992371, 28.3999996185, 28.87833328246667, 
09/17/2017 11, 31.7000007629, 29, 30.448333390554996, 
09/17/2017 12, 32, 31.2999992371, 31.56833321253334, 
09/17/2017 13, 31.7999992371, 26.6000003815, 29.451666577665, 
09/17/2017 14, 27.6000003815, 26.2000007629, 26.908333237968336, 
09/17/2017 15, 26.8999996185, 24.6000003815, 25.716666507718347, 
09/17/2017 16, 25.5, 23.7999992371, 24.544999980929997, 
09/17/2017 17, 25.8999996185, 24.7999992371, 25.39999996820333, 
09/17/2017 18, 25.1000003815, 24.7999992371, 24.928333059958334, 
09/17/2017 19, 25, 24.2000007629, 24.740000120796648, 
09/17/2017 20, 24.3999996185, 24.2000007629, 24.260000069926647, 
09/17/2017 21, 24.2999992371, 24.1000003815, 24.249999841066696, 
09/17/2017 22, 24.3999996185, 24, 24.103333346048334, 
09/17/2017 23, 24, 21.7000007629, 22.52258085433871, 
09/18/2017 00, 21.7000007629, 21.1000003815, 21.38833367029332, 
09/18/2017 01, 21.2999992371, 21, 21.175000364120454, 
09/18/2017 02, 21.7999992371, 21.2999992371, 21.594444769388886, 
09/18/2017 03, 21.1000003815, 19.5, 19.832075766798102, 
09/18/2017 04, 19.5, 19.1000003815, 19.31833321252335, 
09/18/2017 05, 19.5, 19.2999992371, 19.389999580371672, 
09/18/2017 06, 19.5, 19.2999992371, 19.378332869201685, 
09/18/2017 07, 20, 19.5, 19.78181807777818, 
09/18/2017 08, 20.5, 19.7000007629, 20.14999990464168, 
09/18/2017 09, 23.2999992371, 20.3999996185, 21.350000038146003, 
09/18/2017 10, 26.3999996185, 25, 25.81052624552632, 
09/18/2017 11, 27.3999996185, 26.1000003815, 26.601666609441665, 
09/18/2017 12, 26.7999992371, 24.5, 25.543333212551683, 
09/18/2017 13, 25.3999996185, 24.5, 24.886666774749997, 
09/18/2017 14, 26.7999992371, 25.1000003815, 25.551666545875012, 
09/18/2017 15, 26.8999996185, 25.2000007629, 25.80666637420169, 
09/18/2017 16, 26.1000003815, 23.8999996185, 24.896666685741664, 
09/18/2017 17, 24, 23, 23.607499837882493, 
09/18/2017 18, 23, 22.5, 22.676363858314534, 
09/18/2017 19, 22.5, 22.2000007629, 22.29999996052759, 
09/18/2017 20, 22.5, 22.2000007629, 22.313333098093345, 
09/18/2017 21, 22.2999992371, 21.7999992371, 22.048333231603348, 
09/18/2017 22, 21.8999996185, 21.7000007629, 21.82999954224001, 
09/18/2017 23, 22, 21.7999992371, 21.91666634875834, 
09/19/2017 00, 21.8999996185, 21.7000007629, 21.73166716890331, 
09/19/2017 01, 21.7999992371, 21.6000003815, 21.698334026303314, 
09/19/2017 02, 21.7999992371, 21.6000003815, 21.72333354949334, 
09/19/2017 03, 21.7000007629, 21.6000003815, 21.62500047684999, 
09/19/2017 04, 21.6000003815, 21.5, 21.56857169017143, 
09/19/2017 05, 21.5, 21.2999992371, 21.439999771110024, 
09/19/2017 06, 21.5, 21.3999996185, 21.42438995545122, 
09/19/2017 07, 22.5, 21.5, 21.82115393418462, 
09/19/2017 08, 24.2000007629, 22.5, 23.756666564931667, 
09/19/2017 09, 25, 24.2000007629, 24.60833346048, 
09/19/2017 10, 25.7000007629, 25, 25.373333326983317, 
09/19/2017 11, 27.3999996185, 25.7000007629, 26.388888888884438, 
09/19/2017 12, 27.7999992371, 26.7000007629, 27.179245390977346, 
09/19/2017 13, 26.7999992371, 24.2000007629, 25.17250003815, 
09/19/2017 14, 26.8999996185, 24.5, 25.167857306350008, 
09/19/2017 15, 28.2999992371, 26.7999992371, 27.779411540311763, 
09/19/2017 16, 28.7000007629, 27.2999992371, 27.873333199811675, 
09/19/2017 17, 27.7000007629, 25.1000003815, 25.941666571299997, 
09/19/2017 18, 25.1000003815, 24.3999996185, 24.736666711170002, 
09/19/2017 19, 24.3999996185, 23.8999996185, 24.273333104455013, 
09/19/2017 20, 23.8999996185, 23.5, 23.64166673024833, 
09/19/2017 21, 23.5, 23.2999992371, 23.472727168687285, 
09/19/2017 22, 23.2999992371, 22.8999996185, 23.071428753076198, 
09/19/2017 23, 22.8999996185, 22.6000003815, 22.645000235263318, 
09/20/2017 00, 22.7000007629, 22.6000003815, 22.651667245223322, 
09/20/2017 01, 22.6000003815, 21.8999996185, 22.206818277190916, 
09/20/2017 02, 22, 21.7999992371, 21.89999961852169, 
09/20/2017 03, 21.8999996185, 21.7000007629, 21.823332786573346, 
09/20/2017 04, 22, 21.8999996185, 21.944999790175, 
09/20/2017 05, 21.8999996185, 21.7000007629, 21.789830288645756, 
09/20/2017 06, 22.2999992371, 21.7999992371, 22.02045449343863, 
09/20/2017 07, 22.8999996185, 22.3999996185, 22.681132298596236, 
09/20/2017 08, 24.5, 22.8999996185, 23.478333218886668, 
09/20/2017 09, 26.1000003815, 24.5, 25.07499995599424, 
09/20/2017 10, 26.2000007629, 25.2999992371, 25.72941174227059, 
09/20/2017 11, 27.3999996185, 26.3999996185, 26.944186055381405, 
09/20/2017 12, 26.7999992371, 24.2000007629, 24.995000108081662, 
09/20/2017 13, 27, 25, 25.99499985377001, 
09/20/2017 14, 25.7000007629, 23.2000007629, 23.851666673018347, 
09/20/2017 15, 23.5, 22.6000003815, 23.169642891198208, 
09/20/2017 16, 23.2000007629, 22.7000007629, 22.977192995843836, 
09/20/2017 17, 23.2000007629, 22.7999992371, 22.92666638691335, 
09/20/2017 18, 22.7999992371, 22.6000003815, 22.676667054493304, 
09/20/2017 19, 22.7999992371, 22.6000003815, 22.68000022889199, 
09/20/2017 20, 22.7000007629, 22.3999996185, 22.546666844691668, 
09/20/2017 21, 22.3999996185, 22.1000003815, 22.233333524059994, 
09/20/2017 22, 22.1000003815, 21.1000003815, 21.640000184381655, 
09/20/2017 23, 21.1000003815, 20.7000007629, 20.94666655859002, 
09/21/2017 00, 20.7999992371, 20.6000003815, 20.70333388643998, 
09/21/2017 01, 20.7999992371, 20.7000007629, 20.766666412366686, 
09/21/2017 02, 21, 20.7999992371, 20.90999965667667, 
09/21/2017 03, 21, 20.7000007629, 20.845651833904345, 
09/21/2017 04, 20.6000003815, 20.3999996185, 20.44324302671622, 
09/21/2017 05, 20.6000003815, 20.5, 20.541666825625008, 
09/21/2017 06, 21.2000007629, 20.5, 20.898333644863314, 
09/21/2017 07, 21.2000007629, 19.7000007629, 20.565000247948316, 
09/21/2017 08, 19.8999996185, 19.6000003815, 19.680000305180013, 
09/21/2017 09, 20.3999996185, 19.8999996185, 20.09666662215834, 
09/21/2017 10, 20.7000007629, 20.2000007629, 20.42333313623167, 
09/21/2017 11, 21.8999996185, 20.3999996185, 21.166666897851517, 
09/21/2017 12, 25.5, 21.7000007629, 23.421666653943337, 
09/21/2017 13, 25.7999992371, 25, 25.397825945989126, 
09/21/2017 14, 26.3999996185, 25.7999992371, 26.114633885824393, 
09/21/2017 15, 28.2999992371, 26.3999996185, 27.396153780134618, 
09/21/2017 16, 28.2000007629, 26.5, 27.58833316168002, 
09/21/2017 17, 26.7000007629, 24.2999992371, 25.16833327611834, 
09/21/2017 18, 24.2999992371, 22.5, 23.483333269759996, 
09/21/2017 19, 22.3999996185, 21.7999992371, 21.95499966940669, 
09/21/2017 20, 21.8999996185, 21.7000007629, 21.808333333309996, 
09/21/2017 21, 21.7000007629, 21.3999996185, 21.543333498630002, 
09/21/2017 22, 21.3999996185, 21.2000007629, 21.286363471636363, 
09/21/2017 23, 21.2000007629, 21.1000003815, 21.190909819136362, 
09/22/2017 00, 21.5, 21.2999992371, 21.3913039331913, 
09/22/2017 01, 21.2999992371, 21, 21.171667067199998, 
09/22/2017 02, 21, 20.7999992371, 20.893332926430023, 
09/22/2017 03, 21, 20.7999992371, 20.906666310606674, 
09/22/2017 04, 20.8999996185, 20.6000003815, 20.73499997457666, 
09/22/2017 05, 20.7000007629, 20.6000003815, 20.649123375871923, 
09/22/2017 06, 21, 20.6000003815, 20.674418915158142, 
09/22/2017 07, 22.2000007629, 21, 21.52586210185517, 
09/22/2017 08, 23.2000007629, 22.2000007629, 22.82790716304419, 
09/22/2017 09, 25.2000007629, 23.2999992371, 23.523529164932352, 
09/22/2017 10, 26.6000003815, 25.2000007629, 25.589999866493333, 
09/22/2017 11, 26.5, 25.3999996185, 25.79833326340167, 
09/22/2017 12, 26.2999992371, 25.3999996185, 25.87499968210667, 
09/22/2017 13, 26.5, 25.6000003815, 26.098333390548326, 
09/22/2017 14, 27.3999996185, 25.1000003815, 25.87166655858667, 
09/22/2017 15, 27.5, 25, 25.82833328246833, 
09/22/2017 16, 27.2999992371, 25.7999992371, 26.711666679388337, 
09/22/2017 17, 26.2999992371, 24.7999992371, 25.48666655223166, 
09/22/2017 18, 24.7999992371, 23.2999992371, 23.971666685739997, 
09/22/2017 19, 23.2999992371, 23, 23.155000400546655, 
09/22/2017 20, 23, 22.6000003815, 22.76166674296332, 
09/22/2017 21, 22.6000003815, 22.1000003815, 22.44833339056, 
09/22/2017 22, 22, 21.7000007629, 21.81833324431168, 
09/22/2017 23, 21.8999996185, 21.2000007629, 21.520000012704994, 
09/23/2017 00, 21.2999992371, 21.2000007629, 21.208333969083334, 
09/23/2017 01, 21.2000007629, 21, 21.11500043868499, 
09/23/2017 02, 21.2000007629, 21, 21.121154308326915, 
09/23/2017 03, 21.2000007629, 20.7000007629, 20.78333346048333, 
09/23/2017 04, 20.8999996185, 20.6000003815, 20.788333320603314, 
09/23/2017 05, 20.7000007629, 20.2999992371, 20.466666539506672, 
09/23/2017 06, 21.5, 20.6000003815, 21.073333358758337, 
09/23/2017 07, 22.3999996185, 21.5, 21.83166666030333, 
09/23/2017 08, 25.2000007629, 22.3999996185, 24.10333340962334, 
09/23/2017 09, 26.7000007629, 25.2000007629, 25.799999999998324, 
09/23/2017 10, 27.2999992371, 25.7000007629, 26.39500007628999, 
09/23/2017 11, 28.3999996185, 27.2000007629, 27.740000057218328, 
09/23/2017 12, 28.5, 27.7999992371, 28.15166660945, 
09/23/2017 13, 28.7999992371, 27.7999992371, 28.35438581098423, 
09/23/2017 14, 29, 27.6000003815, 28.063333320610003, 
09/23/2017 15, 28.6000003815, 27.7000007629, 28.02333329518333, 
09/23/2017 16, 27.7999992371, 26.6000003815, 27.346666526798334, 
09/23/2017 17, 26.6000003815, 25.3999996185, 25.781666564940004, 
09/23/2017 18, 25.3999996185, 24.7999992371, 25.09333330789668, 
09/23/2017 19, 24.7999992371, 24.2000007629, 24.55277766122778, 
09/23/2017 20, 24.2000007629, 23.7999992371, 23.968333212533366, 
09/23/2017 21, 23.7000007629, 23.2999992371, 23.44999980926336, 
09/23/2017 22, 23.2999992371, 22.7000007629, 22.988461714521147, 
09/23/2017 23, 22.7000007629, 22.2000007629, 22.483333428716662, 
09/24/2017 00, 22.3999996185, 22, 22.270175130745614, 
09/24/2017 01, 22, 21.8999996185, 21.909999656650015, 
09/24/2017 02, 21.7999992371, 21.2000007629, 21.406666755668315, 
09/24/2017 03, 21.2000007629, 20.6000003815, 20.928333473211662, 
09/24/2017 04, 20.6000003815, 20.3999996185, 20.476922988884624, 
09/24/2017 05, 20.2000007629, 20, 20.09393975228485, 
09/24/2017 06, 20.8999996185, 20, 20.350000095363338, 
09/24/2017 07, 22.6000003815, 20.8999996185, 21.589285714287502, 
09/24/2017 08, 26, 22.8999996185, 24.855319124587247, 
09/24/2017 09, 27.2000007629, 25.7000007629, 26.26666669845499, 
09/24/2017 10, 28.6000003815, 26.7000007629, 27.696666653953336, 
09/24/2017 11, 30.2000007629, 28.2000007629, 28.99666652680167, 
09/24/2017 12, 30.2000007629, 28.5, 29.714999930066668, 
09/24/2017 13, 29.3999996185, 28.2000007629, 28.761666774738327, 
09/24/2017 14, 29.3999996185, 27.6000003815, 28.796666622163333, 
09/24/2017 15, 27.7000007629, 26, 26.827500104905, 
09/24/2017 16, 26.2999992371, 25.7999992371, 26.005882225790227, 
09/24/2017 17, 26.1000003815, 25, 25.725000031788323, 
09/24/2017 18, 25, 24.1000003815, 24.568333562221657, 
09/24/2017 19, 24.1000003815, 23.5, 23.809999847419984, 
09/24/2017 20, 23.5, 23.1000003815, 23.274999968211638, 
09/24/2017 21, 23.2000007629, 22.7999992371, 23.08000030518333, 
09/24/2017 22, 22.8999996185, 22.5, 22.625000190754985, 
09/24/2017 23, 22.5, 21.7000007629, 22.080487832785376, 
09/25/2017 00, 21.7000007629, 21.3999996185, 21.471111000888904, 
09/25/2017 01, 21.5, 21, 21.221666844684986, 
09/25/2017 02, 21, 20.6000003815, 20.773333326973322, 
09/25/2017 03, 20.6000003815, 20.2999992371, 20.472727168709092, 
09/25/2017 04, 20.5, 20.2999992371, 20.395237695595238, 
09/25/2017 05, 20.5, 20.2999992371, 20.389999580385005, 
09/25/2017 06, 21.1000003815, 20.5, 20.775000063580006, 
09/25/2017 07, 22.6000003815, 21.1000003815, 21.761666838326672, 
09/25/2017 08, 25, 22.7000007629, 24.034999847415005, 
09/25/2017 09, 26, 25, 25.601666800180002, 
09/25/2017 10, 27.7000007629, 25.7999992371, 26.894871442748716, 
09/25/2017 11, 29.2000007629, 27.7999992371, 28.519999980926666, 
09/25/2017 12, 28.8999996185, 28.5, 28.67166690826166, 
09/25/2017 13, 29.5, 28.7000007629, 29.064999771120007, 
09/25/2017 14, 29.3999996185, 28.7000007629, 28.966666634878333, 
09/25/2017 15, 28.7000007629, 27.5, 28.103333473206657, 
09/25/2017 16, 28, 26.7000007629, 27.41999994912833, 
09/25/2017 17, 27.1000003815, 25.2000007629, 25.85666653316502, 
09/25/2017 18, 25.2000007629, 24.6000003815, 24.776190757752374, 
09/25/2017 19, 24.6000003815, 23.8999996185, 23.96774162782258, 
09/25/2017 20, 23.8999996185, 23.2999992371, 23.533333110800022, 
09/25/2017 21, 23.3999996185, 22.8999996185, 23.16833302179667, 
09/25/2017 22, 23, 22.7999992371, 22.9166663487817, 
09/25/2017 23, 23, 22.7999992371, 22.88857100348572, 
09/26/2017 00, 22.7999992371, 22.6000003815, 22.713333797433304, 
09/26/2017 01, 22.7000007629, 22.5, 22.568333594011662, 
09/26/2017 02, 22.7000007629, 22.1000003815, 22.45333366393665, 
09/26/2017 03, 22, 21.7999992371, 21.929999732966696, 
09/26/2017 04, 21.7999992371, 21.6000003815, 21.637500166925005, 
09/26/2017 05, 21.7999992371, 21.6000003815, 21.740677817408464, 
09/26/2017 06, 22.2999992371, 21.6000003815, 21.837288193783056, 
09/26/2017 07, 23.5, 22.2999992371, 22.758181728007266, 
09/26/2017 08, 24.2999992371, 23.7999992371, 24.04833345411998, 
09/26/2017 09, 27.2999992371, 24.2000007629, 25.425000158941668, 
09/26/2017 10, 28.2000007629, 26.3999996185, 27.241666825604984, 
09/26/2017 11, 29.5, 28.1000003815, 28.689999961858334, 
09/26/2017 12, 29.2999992371, 28, 28.63166678747334, 
09/26/2017 13, 29.6000003815, 28, 28.74651181420465, 
09/26/2017 14, 28.7000007629, 27.6000003815, 28.262500190727497, 
09/26/2017 15, 28.2999992371, 27.6000003815, 27.97708340485624, 
09/26/2017 16, 28.2999992371, 27.1000003815, 27.769230915946157, 
09/26/2017 17, 25.7999992371, 25, 25.42142868043214, 
09/26/2017 18, 24.7999992371, 24, 24.32833337784333, 
09/26/2017 19, 24, 23.6000003815, 23.766666952754978, 
09/26/2017 20, 23.6000003815, 23.2999992371, 23.449999809280033, 
09/26/2017 21, 23.2999992371, 22.6000003815, 23.033333365125007, 
09/26/2017 22, 22.7999992371, 22.6000003815, 22.66666711171332, 
09/26/2017 23, 22.7000007629, 22.1000003815, 22.43333365121666, 
09/27/2017 00, 22.2999992371, 22, 22.138461479790386, 
09/27/2017 01, 22.2000007629, 22.1000003815, 22.168182459727277, 
09/27/2017 02, 22.2000007629, 21.7000007629, 21.973684310921055, 
09/27/2017 03, 21.2000007629, 20.7000007629, 20.962500333772926, 
09/27/2017 04, 20.6000003815, 19.8999996185, 20.199999936421683, 
09/27/2017 05, 20.2999992371, 19.7000007629, 19.991666603091677, 
09/27/2017 06, 20.3999996185, 19.6000003815, 19.85833358764834, 
09/27/2017 07, 22, 20.3999996185, 21.110000069929992, 
09/27/2017 08, 23.7999992371, 22.1000003815, 23.08541667462083, 
09/27/2017 09, 26.2999992371, 24.7999992371, 25.809374928487493, 
09/27/2017 10, 28, 26.2999992371, 27.21016942040509, 
09/27/2017 11, 28.7999992371, 27.6000003815, 28.314999993639994, 
09/27/2017 12, 30.2000007629, 28.5, 29.155769384823063, 
09/27/2017 13, 29.8999996185, 29.2999992371, 29.585714272092854, 
09/27/2017 14, 29.5, 28.7999992371, 29.174999872841664, 
09/27/2017 15, 29.1000003815, 27.8999996185, 28.72333342234834, 
09/27/2017 16, 28.2999992371, 27.2000007629, 27.673333358765, 
09/27/2017 17, 27.1000003815, 24.7999992371, 25.907407336766678, 
09/27/2017 18, 24.6000003815, 24.1000003815, 24.31698108169055, 
09/27/2017 19, 24.1000003815, 23.5, 23.76274524014705, 
09/27/2017 20, 23.5, 23, 23.32363624572909, 
09/27/2017 21, 23, 22.7000007629, 22.742000465361993, 
09/27/2017 22, 22.7999992371, 22.5, 22.67666689555832, 
09/27/2017 23, 22.6000003815, 22.3999996185, 22.446666463200017, 
09/28/2017 00, 22.2999992371, 21.7999992371, 21.949999650328365, 
09/28/2017 01, 21.8999996185, 21.7000007629, 21.82666641869999, 
09/28/2017 02, 21.7999992371, 21.6000003815, 21.71000054674665, 
09/28/2017 03, 21.6000003815, 21.5, 21.529091020072723, 
09/28/2017 04, 21.5, 21.2999992371, 21.366666158036686, 
09/28/2017 05, 21.3999996185, 21.1000003815, 21.228125214568745, 
09/28/2017 06, 21.6000003815, 21.1000003815, 21.278333663920005, 
09/28/2017 07, 22.6000003815, 21.6000003815, 22.11132071153774, 
09/28/2017 08, 24.2000007629, 22.6000003815, 23.458333460488337, 
09/28/2017 09, 26.2000007629, 23.8999996185, 24.996666653954996, 
09/28/2017 10, 26.8999996185, 25.7000007629, 26.353333250678336, 
09/28/2017 11, 28.5, 26.3999996185, 27.589999993641662, 
09/28/2017 12, 27.6000003815, 26.6000003815, 27.027272657924243, 
09/28/2017 13, 27.3999996185, 26.3999996185, 26.736666552228336, 
09/28/2017 14, 26.8999996185, 26.2000007629, 26.35135119669459, 
09/28/2017 15, 26.6000003815, 25.7999992371, 26.06166626613835, 
09/28/2017 16, 26.8999996185, 25.2000007629, 26.09999980927001, 
09/28/2017 17, 25.5, 24.1000003815, 24.718333339698326, 
09/28/2017 18, 24.1000003815, 23.6000003815, 23.87333326338666, 
09/28/2017 19, 23.6000003815, 23.2999992371, 23.44999980926502, 
09/28/2017 20, 23.2999992371, 23, 23.120000425991652, 
09/28/2017 21, 23.1000003815, 22.7000007629, 22.855555357755552, 
09/28/2017 22, 22.7000007629, 22.3999996185, 22.54500017167167, 
09/28/2017 23, 22.3999996185, 22.1000003815, 22.254761968333323, 
09/29/2017 00, 22.1000003815, 21.8999996185, 21.97037025733333, 
09/29/2017 01, 21.5, 21.3999996185, 21.474999904625, 
09/29/2017 02, 21.3999996185, 21.1000003815, 21.260000101713313, 
09/29/2017 03, 21.2000007629, 21, 21.126667149871643, 
09/29/2017 04, 21.3999996185, 21.2000007629, 21.283333365106692, 
09/29/2017 05, 21.2999992371, 21.2000007629, 21.201667404136646, 
09/29/2017 06, 21.5, 21.2000007629, 21.37499987283001, 
09/29/2017 07, 22.1000003815, 21.5, 21.725999946596, 
09/29/2017 08, 24.2999992371, 22, 23.01166671117834, 
09/29/2017 09, 26.2999992371, 24.1000003815, 25.24838712138387, 
09/29/2017 10, 27.3999996185, 25.6000003815, 26.386666584015, 
09/29/2017 11, 28.2000007629, 27, 27.74833332697167, 
09/29/2017 12, 27.3999996185, 25.7999992371, 26.699999936416667, 
09/29/2017 13, 27.8999996185, 25, 26.81999994913668, 
09/29/2017 14, 25.1000003815, 23.2999992371, 24.123333168033348, 
09/29/2017 15, 25.7999992371, 23.7999992371, 24.954716988333967, 
09/29/2017 16, 24.1000003815, 22.2000007629, 23.380000076296, 
09/29/2017 17, 22.1000003815, 21.5, 21.688333733868326, 
09/29/2017 18, 22.2999992371, 21.7000007629, 21.971666622148327, 
09/29/2017 19, 22.3999996185, 22.2000007629, 22.314999771110013, 
09/29/2017 20, 22.2999992371, 21.2999992371, 22.0172413793138, 
09/29/2017 21, 21.2999992371, 21.1000003815, 21.175862706920686, 
09/29/2017 22, 21.2000007629, 19.7000007629, 20.678333473201665, 
09/29/2017 23, 19.7999992371, 19.7000007629, 19.735000228869996, 
09/30/2017 00, 19.7999992371, 19.5, 19.600000222528333, 
09/30/2017 01, 19.7000007629, 19.3999996185, 19.533333460490194, 
09/30/2017 02, 19.7000007629, 19.3999996185, 19.540000152598175, 
09/30/2017 03, 19.7999992371, 19.5, 19.693333530428347, 
09/30/2017 04, 20.2000007629, 19.7000007629, 19.827777703605555, 
09/30/2017 05, 20.6000003815, 20.1000003815, 20.378333250688335, 
09/30/2017 06, 21, 20.6000003815, 20.77833334605, 
09/30/2017 07, 21.3999996185, 21.1000003815, 21.26833346683001, 
09/30/2017 08, 22.8999996185, 21.5, 22.158333555849996, 
09/30/2017 09, 24, 22.8999996185, 23.348333549493336, 
09/30/2017 10, 26.6000003815, 24.1000003815, 25.389999961856674, 
09/30/2017 11, 26.7000007629, 25.7999992371, 26.18484849641817, 
09/30/2017 12, 26.7999992371, 25, 25.79333349864333, 
09/30/2017 13, 27, 25.1000003815, 26.1310343249069, 
09/30/2017 14, 27, 26.2999992371, 26.684482804663784, 
09/30/2017 15, 26.8999996185, 25.6000003815, 26.213559393149154, 
09/30/2017 16, 25.5, 24.2999992371, 24.708695619013046, 
09/30/2017 17, 24.2999992371, 23.5, 23.869999980928338, 
09/30/2017 18, 23.5, 22.8999996185, 23.136666552223335, 
09/30/2017 19, 22.8999996185, 22.5, 22.688135502718634, 
09/30/2017 20, 22.5, 22.2000007629, 22.338888380288886, 
09/30/2017 21, 22.2999992371, 22, 22.13818231062725, 
09/30/2017 22, 22.2000007629, 21.7999992371, 22.09482794793966, 
09/30/2017 23, 21.7999992371, 21.3999996185, 21.54600002289201, 
10/01/2017 00, 21.3999996185, 21.2999992371, 21.391999587987993, 
10/01/2017 01, 21.7000007629, 21.2999992371, 21.566037987760385, 
10/01/2017 02, 21.2999992371, 21, 21.14166701635832, 
10/01/2017 03, 21.2000007629, 21.1000003815, 21.160000610339992, 
10/01/2017 04, 21.2000007629, 20.7999992371, 21.111667092633347, 
10/01/2017 05, 21, 20.6000003815, 20.79333368936, 
10/01/2017 06, 20.8999996185, 20.7000007629, 20.751724276037915, 
10/01/2017 07, 21.7000007629, 20.7000007629, 21.050000066336953, 
10/01/2017 08, 23.1000003815, 21.7000007629, 22.37407415884074, 
10/01/2017 09, 24, 23.2999992371, 23.661363471647725, 
10/01/2017 10, 25.1000003815, 23.7000007629, 24.476666641229993, 
10/01/2017 11, 26.5, 24.5, 25.20333337783834, 
10/01/2017 12, 27.3999996185, 26.3999996185, 27.051666545865, 
10/01/2017 13, 27.5, 26.6000003815, 27.048333326971665, 
10/01/2017 14, 27.6000003815, 26.5, 27.021818161016355, 
10/01/2017 15, 27.1000003815, 25.8999996185, 26.303921419035305, 
10/01/2017 16, 26.2000007629, 25, 25.71666669845333, 
10/01/2017 17, 25, 23.8999996185, 24.260000197083333, 
10/01/2017 18, 23.8999996185, 23.3999996185, 23.727906604151162, 
10/01/2017 19, 23.3999996185, 23.1000003815, 23.2243244068081, 
10/01/2017 20, 23.1000003815, 22.6000003815, 22.764999993649987, 
10/01/2017 21, 22.6000003815, 22.3999996185, 22.520000076300008, 
10/01/2017 22, 22.6000003815, 22.2000007629, 22.298333740214975, 
10/01/2017 23, 22.3999996185, 22, 22.264999993631662, 
10/02/2017 00, 22, 21.2999992371, 21.53999986649499, 
10/02/2017 01, 21.5, 21.2999992371, 21.38813516649153, 
10/02/2017 02, 21.7000007629, 21.1000003815, 21.456667009993318, 
10/02/2017 03, 21.1000003815, 20.7999992371, 20.931666406010027, 
10/02/2017 04, 21, 20.7000007629, 20.813333288813315, 
10/02/2017 05, 20.8999996185, 20.7000007629, 20.817142268608578, 
10/02/2017 06, 21.2000007629, 20.7999992371, 20.94833313624498, 
10/02/2017 07, 22.6000003815, 21.2000007629, 21.791666825603333, 
10/02/2017 08, 23, 22.5, 22.743333371483345, 
10/02/2017 09, 23.5, 22.8999996185, 23.16756753664595, 
10/02/2017 10, 27.7999992371, 24.6000003815, 25.762000045783992, 
10/02/2017 11, 27.7999992371, 25.2000007629, 26.79444450802222, 
10/02/2017 12, 26, 24.5, 25.27833337784832, 
10/02/2017 13, 26.7999992371, 24.6000003815, 25.631034522244825, 
10/02/2017 14, 27.1000003815, 25.7999992371, 26.574999936421666, 
10/02/2017 15, 26.7999992371, 25.3999996185, 26.218333276115008, 
10/02/2017 16, 26.6000003815, 24.2999992371, 25.413333479563327, 
10/02/2017 17, 24.2999992371, 23.2999992371, 23.828333314253346, 
10/02/2017 18, 23.2999992371, 22.7999992371, 23.02999986013835, 
10/02/2017 19, 22.7999992371, 22.2999992371, 22.538888878302785, 
10/02/2017 20, 22.2999992371, 21.7000007629, 22.052631277796507, 
10/02/2017 21, 21.7999992371, 21.5, 21.64772748949318, 
10/02/2017 22, 21.8999996185, 21.7000007629, 21.878571101571435, 
10/02/2017 23, 21.6000003815, 21.2000007629, 21.384999974563353, 
10/03/2017 00, 21.2999992371, 21, 21.20000031788333, 
10/03/2017 01, 21, 20.3999996185, 20.686666870106666, 
10/03/2017 02, 20.3999996185, 20.2000007629, 20.289999580400014, 
10/03/2017 03, 20.5, 20.3999996185, 20.434782359891305, 
10/03/2017 04, 20.5, 20.2999992371, 20.36458281676251, 
10/03/2017 05, 20.6000003815, 20.2999992371, 20.48499994277667, 
10/03/2017 06, 20.7000007629, 20.2000007629, 20.3358492941132, 
10/03/2017 07, 20.7999992371, 20.7000007629, 20.752777735394446, 
10/03/2017 08, 23.3999996185, 21.3999996185, 22.243333307903335, 
10/03/2017 09, 26, 23.3999996185, 24.66440669561525, 
10/03/2017 10, 26.5, 25.1000003815, 25.545000139871657, 
10/03/2017 11, 26.2999992371, 25.7000007629, 25.87333297730669, 
10/03/2017 12, 27.3999996185, 25.7999992371, 26.455172407224133, 
10/03/2017 13, 27.7999992371, 26.8999996185, 27.376000061020004, 
10/03/2017 14, 27.5, 26.7999992371, 27.189795824940813, 
10/03/2017 15, 27.2000007629, 26.1000003815, 26.66333338419833, 
10/03/2017 16, 26.5, 24.6000003815, 25.5708331267125, 
10/03/2017 17, 24.7999992371, 23.2000007629, 23.705999870301984, 
10/03/2017 18, 23.2000007629, 22.8999996185, 23.145000553116652, 
10/03/2017 19, 22.8999996185, 22.3999996185, 22.611666806541663, 
10/03/2017 20, 22.3999996185, 22, 22.223333422339994, 
10/03/2017 21, 22, 21.5, 21.804999923693323, 
10/03/2017 22, 21.7000007629, 21.2000007629, 21.427272970023626, 
10/03/2017 23, 21.2000007629, 21.1000003815, 21.17500066754999, 
10/04/2017 00, 21.2000007629, 20.7999992371, 21.070000267026675, 
10/04/2017 01, 20.8999996185, 20.6000003815, 20.774545218736353, 
10/04/2017 02, 20.6000003815, 20.2999992371, 20.434999752035004, 
10/04/2017 03, 20.5, 20.1000003815, 20.291666793828316, 
10/04/2017 04, 20.1000003815, 19.6000003815, 19.79833323161334, 
10/04/2017 05, 20.2999992371, 19.7000007629, 19.96999991735002, 
10/04/2017 06, 20.7000007629, 20.3999996185, 20.45499982831833, 
10/04/2017 07, 22, 20.7000007629, 21.283333333328336, 
10/04/2017 08, 23.5, 22, 22.38333349227999, 
10/04/2017 09, 25.3999996185, 23.5, 24.653333377831665, 
10/04/2017 10, 26.7999992371, 25.5, 26.110000197094987, 
10/04/2017 11, 28.2999992371, 27, 27.573469278763273, 
10/04/2017 12, 28.3999996185, 27, 27.783333269758337, 
10/04/2017 13, 28.2000007629, 27.6000003815, 27.92833331426, 
10/04/2017 14, 29.1000003815, 28, 28.406666628521666, 
10/04/2017 15, 28.5, 27, 27.916666666663335, 
10/04/2017 16, 27.1000003815, 25.7999992371, 26.768333371478324, 
10/04/2017 17, 25.7999992371, 24.3999996185, 24.799999936416672, 
10/04/2017 18, 24.5, 23.8999996185, 24.22166659036333, 
10/04/2017 19, 23.8999996185, 23.5, 23.818604447097673, 
10/04/2017 20, 23.5, 23, 23.31388892067777, 
10/04/2017 21, 23, 22.7000007629, 22.81851832072593, 
10/04/2017 22, 22.7999992371, 22.5, 22.643333689384985, 
10/04/2017 23, 22.6000003815, 21.8999996185, 22.309999942778333, 
10/05/2017 00, 21.8999996185, 21.7000007629, 21.828333187083327, 
10/05/2017 01, 21.7999992371, 21.3999996185, 21.60000015894833, 
10/05/2017 02, 21.5, 21.2999992371, 21.356521191810863, 
10/05/2017 03, 21.3999996185, 21.2000007629, 21.29677415661613, 
10/05/2017 04, 21.2000007629, 20.7999992371, 20.981666596736694, 
10/05/2017 05, 20.7999992371, 20.6000003815, 20.71063885787447, 
10/05/2017 06, 21.3999996185, 20.7999992371, 21.03653823413269, 
10/05/2017 07, 22.2999992371, 21.3999996185, 21.860000000004007, 
10/05/2017 08, 25.7000007629, 23.2999992371, 24.099999889254835, 
10/05/2017 09, 26.3999996185, 25.2999992371, 25.843333371485002, 
10/05/2017 10, 27.7000007629, 25.3999996185, 26.71666673024167, 
10/05/2017 11, 28.8999996185, 27.2000007629, 28.07857155799106, 
10/05/2017 12, 28.7999992371, 27.3999996185, 27.955999946592005, 
10/05/2017 13, 28.7999992371, 27.2999992371, 28.099999841053343, 
10/05/2017 14, 29.2999992371, 27.3999996185, 28.659999815630005, 
10/05/2017 15, 28.8999996185, 27.8999996185, 28.296969616048486, 
10/05/2017 16, 28.6000003815, 26, 26.93166666031332, 
10/05/2017 17, 25.8999996185, 24.7999992371, 25.22666673660333, 
10/05/2017 18, 24.7999992371, 23.8999996185, 24.193333307880017, 
10/05/2017 19, 23.8999996185, 20.2999992371, 21.678333314256665, 
10/05/2017 20, 20.7999992371, 17.8999996185, 19.429999796558338, 
10/05/2017 21, 19.7000007629, 18.2000007629, 19.100000063578328, 
10/05/2017 22, 19.8999996185, 19.5, 19.76129027335484, 
10/05/2017 23, 20.1000003815, 19.7999992371, 19.948333136235004, 
10/06/2017 00, 20.1000003815, 19.7000007629, 19.92499980925834, 
10/06/2017 01, 20.1000003815, 19.7999992371, 19.967272602421826, 
10/06/2017 02, 20.2000007629, 19.8999996185, 19.96833321252167, 
10/06/2017 03, 20.2000007629, 19.7999992371, 20.063333574921664, 
10/06/2017 04, 20.2000007629, 19.8999996185, 20.030000114448338, 
10/06/2017 05, 20.2000007629, 19.8999996185, 20.011666711169998, 
10/06/2017 06, 20.2999992371, 19.8999996185, 20.110000165309998, 
10/06/2017 07, 21.3999996185, 20.1000003815, 20.71521746593478, 
10/06/2017 08, 24.2000007629, 21.5, 22.54833345412333, 
10/06/2017 09, 25.7999992371, 24.1000003815, 25.098333517706646, 
10/06/2017 10, 27.3999996185, 25.6000003815, 26.563333511353324, 
10/06/2017 11, 29.1000003815, 27.3999996185, 28.54666665394667, 
10/06/2017 12, 29.7000007629, 28.8999996185, 29.220000076296667, 
10/06/2017 13, 29.7999992371, 28.6000003815, 29.10499989191, 
10/06/2017 14, 29, 27.3999996185, 28.628333282466663, 
10/06/2017 15, 27.7000007629, 26.7999992371, 27.24833313624668, 
10/06/2017 16, 27.6000003815, 26.7000007629, 27.254999955484998, 
10/06/2017 17, 26.7000007629, 25.2999992371, 25.653846056041033, 
10/06/2017 18, 25.2999992371, 24.7999992371, 25.035000069935016, 
10/06/2017 19, 24.7999992371, 24.1000003815, 24.517647051354913, 
10/06/2017 20, 24.1000003815, 21.2000007629, 22.861666742959997, 
10/06/2017 21, 21.2999992371, 21.1000003815, 21.20166705448333, 
10/06/2017 22, 21.2000007629, 20.5, 20.848333644866653, 
10/06/2017 23, 21.2000007629, 20.7999992371, 21.080000305169975, 
10/07/2017 00, 21.2999992371, 21.1000003815, 21.216666984546652, 
10/07/2017 01, 21.3999996185, 20.8999996185, 21.134999974576658, 
10/07/2017 02, 20.8999996185, 20.3999996185, 20.71463380208781, 
10/07/2017 03, 20.3999996185, 20, 20.188333384204977, 
10/07/2017 04, 20.3999996185, 20.2000007629, 20.373332977273343, 
10/07/2017 05, 20.5, 20.3999996185, 20.404761541428563, 
10/07/2017 06, 20.6000003815, 20.6000003815, 20.6000003815, 
10/07/2017 07, 21.5, 20.6000003815, 21.084615817417312, 
10/07/2017 08, 24.2000007629, 21.6000003815, 22.981666596736666, 
10/07/2017 09, 26.2999992371, 23.6000003815, 25.126666704815005, 
10/07/2017 10, 27.2999992371, 25.6000003815, 26.319999980931676, 
10/07/2017 11, 28.3999996185, 27.2000007629, 27.677999877926016, 
10/07/2017 12, 28.7000007629, 27.7999992371, 28.22000007629501, 
10/07/2017 13, 28.7000007629, 27.7000007629, 28.25416668256459, 
10/07/2017 14, 28.8999996185, 27.8999996185, 28.265957487395745, 
10/07/2017 15, 28.6000003815, 27.6000003815, 28.041666825613326, 
10/07/2017 16, 27.6000003815, 26.1000003815, 26.78055572509167, 
10/07/2017 17, 26.1000003815, 24.5, 25.29666674932833, 
10/07/2017 18, 24.5, 23.8999996185, 24.11499980290334, 
10/07/2017 19, 23.8999996185, 23.3999996185, 23.583333396915002, 
10/07/2017 20, 23.3999996185, 22.7000007629, 23.061666552226676, 
10/07/2017 21, 22.7000007629, 22, 22.361666679388332, 
10/07/2017 22, 22, 21.6000003815, 21.853333250676656, 
10/07/2017 23, 21.6000003815, 21.1000003815, 21.238333797436642, 
10/08/2017 00, 21.2000007629, 20.6000003815, 20.881818337863628, 
10/08/2017 01, 20.6000003815, 20, 20.398333422351673, 
10/08/2017 02, 20, 19.7999992371, 19.849999427810015, 
10/08/2017 03, 19.7999992371, 19.3999996185, 19.586666711160003, 
10/08/2017 04, 19.3999996185, 19.1000003815, 19.24500013986333, 
10/08/2017 05, 19.2999992371, 19, 19.121666876481658, 
10/08/2017 06, 19.8999996185, 19.1000003815, 19.289743521292312, 
10/08/2017 07, 21.6000003815, 19.8999996185, 20.837287999815267, 
10/08/2017 08, 24, 21.6000003815, 22.43125033376875, 
10/08/2017 09, 25.2000007629, 23.8999996185, 24.525000052009087, 
10/08/2017 10, 26.6000003815, 25.2999992371, 26.026666673023342, 
10/08/2017 11, 27.7000007629, 26.5, 27.124999936420007, 
10/08/2017 12, 28.5, 26.3999996185, 27.574999968206676, 
10/08/2017 13, 28.7000007629, 27.6000003815, 28.05000003178666, 
10/08/2017 14, 28.2999992371, 27.3999996185, 27.93666671117167, 
10/08/2017 15, 28.2999992371, 26.6000003815, 27.466666571303332, 
10/08/2017 16, 26.8999996185, 25.7999992371, 26.317646961592157, 
10/08/2017 17, 25.7999992371, 23.8999996185, 24.56428572109821, 
10/08/2017 18, 23.8999996185, 23.2000007629, 23.634545378249094, 
10/08/2017 19, 23.2000007629, 22.7000007629, 22.94230754558076, 
10/08/2017 20, 22.7000007629, 21.8999996185, 22.39000010490251, 
10/08/2017 21, 21.8999996185, 21.1000003815, 21.553333250674992, 
10/08/2017 22, 21.2000007629, 20.2999992371, 20.81333344777168, 
10/08/2017 23, 20.3999996185, 19.8999996185, 20.133333206179998, 
10/09/2017 00, 19.8999996185, 19.5, 19.734999942785, 
10/09/2017 01, 19.6000003815, 19.2000007629, 19.358333237971653, 
10/09/2017 02, 19.2000007629, 18.7000007629, 18.93833344777334, 
10/09/2017 03, 19, 18.3999996185, 18.818918640543245, 
10/09/2017 04, 18.3999996185, 18, 18.200000190729998, 
10/09/2017 05, 18.1000003815, 17.8999996185, 18.015384674076927, 
10/09/2017 06, 18.5, 18, 18.19799995423201, 
10/09/2017 07, 21.7999992371, 18.5, 19.854999987288334, 
10/09/2017 08, 23.5, 21.8999996185, 22.7133333524, 
10/09/2017 09, 25, 23.2000007629, 24.316949230127115, 
10/09/2017 10, 26.7000007629, 24.6000003815, 25.669767468476742, 
10/09/2017 11, 27.7000007629, 26.2999992371, 26.988333352411654, 
10/09/2017 12, 29, 27.2999992371, 28.18793112656378, 
10/09/2017 13, 29.2000007629, 27.5, 28.51923076921923, 
10/09/2017 14, 28.5, 27.2999992371, 27.760975442275612, 
10/09/2017 15, 28.2999992371, 26.8999996185, 27.451666641243335, 
10/09/2017 16, 27.1000003815, 25.3999996185, 25.916666666658326, 
10/09/2017 17, 25.5, 24.2000007629, 24.809999910984995, 
10/09/2017 18, 24.1000003815, 23.1000003815, 23.67666680017999, 
10/09/2017 19, 23.1000003815, 22.6000003815, 22.857692498434613, 
10/09/2017 20, 22.6000003815, 22.1000003815, 22.264865205083787, 
10/09/2017 21, 22.1000003815, 21.2999992371, 21.578333091745026, 
10/09/2017 22, 21.2999992371, 20.7999992371, 21.057142904830364, 
10/09/2017 23, 20.7999992371, 20.3999996185, 20.520930268027907, 
10/10/2017 00, 20.3999996185, 20, 20.10833346050333, 
10/10/2017 01, 20, 19.5, 19.85166660944833, 
10/10/2017 02, 19.8999996185, 19.5, 19.711666647588334, 
10/10/2017 03, 19.5, 19.3999996185, 19.454999828325, 
10/10/2017 04, 19.3999996185, 19, 19.176666577654995, 
10/10/2017 05, 19.3999996185, 19, 19.226666959110005, 
10/10/2017 06, 19.8999996185, 19.3999996185, 19.67924513906227, 
10/10/2017 07, 21.7999992371, 20, 20.694545503094538, 
10/10/2017 08, 23.8999996185, 21.8999996185, 23.230769304134622, 
10/10/2017 09, 24.7999992371, 23.7000007629, 24.346666685741663, 
10/10/2017 10, 25.7000007629, 24.7000007629, 25.273333326975003, 
10/10/2017 11, 27, 25.6000003815, 26.415000025426664, 
10/10/2017 12, 27.2999992371, 26.3999996185, 26.920000171666654, 
10/10/2017 13, 27.8999996185, 26.8999996185, 27.526666609446657, 
10/10/2017 14, 27.7000007629, 26.8999996185, 27.42666651407501, 
10/10/2017 15, 27.1000003815, 26.3999996185, 26.83714305332857, 
10/10/2017 16, 26.7999992371, 24.5, 25.31500012079832, 
10/10/2017 17, 24.3999996185, 23.1000003815, 23.75333315531334, 
10/10/2017 18, 23.1000003815, 22.3999996185, 22.748484582590912, 
10/10/2017 19, 22.5, 22, 22.209803899125486, 
10/10/2017 20, 22, 21.5, 21.84166641234999, 
10/10/2017 21, 21.5, 21.1000003815, 21.26166671116832, 
10/10/2017 22, 21.2000007629, 21.1000003815, 21.118333784756658, 
10/10/2017 23, 21.1000003815, 20.5, 20.811666552233326, 
10/11/2017 00, 20.6000003815, 20.2999992371, 20.460526165210524, 
10/11/2017 01, 19.6000003815, 19.6000003815, 19.6000003815, 
10/11/2017 02, 19.6000003815, 19.2000007629, 19.486666679386676, 
10/11/2017 03, 19.2000007629, 18.8999996185, 19.00166667301835, 
10/11/2017 04, 19.2999992371, 19.1000003815, 19.191666952770007, 
10/11/2017 05, 19.2999992371, 19.2000007629, 19.223333740213324, 
10/11/2017 06, 20.2000007629, 19.2000007629, 19.675000000005, 
10/11/2017 07, 21.2000007629, 20.2000007629, 20.688333479568325, 
10/11/2017 08, 22.2999992371, 21.1000003815, 21.653333600358327, 
10/11/2017 09, 23.2999992371, 22.2000007629, 22.884999942775018, 
10/11/2017 10, 25.7999992371, 23.2999992371, 24.238333320623337, 
10/11/2017 11, 28.7999992371, 25.7999992371, 27.361666679388332, 
10/11/2017 12, 29.2000007629, 27.3999996185, 28.128333346048326, 
10/11/2017 13, 29.5, 27.7999992371, 28.814999930068335, 
10/11/2017 14, 29.7999992371, 29, 29.416666571306664, 
10/11/2017 15, 29.7999992371, 27, 28.46833346684166, 
10/11/2017 16, 28.1000003815, 26.3999996185, 27.62666657766001, 
10/11/2017 17, 26.3999996185, 24.5, 25.158333365124992, 
10/11/2017 18, 24.5, 23.5, 24.01500015259666, 
10/11/2017 19, 23.5, 22.7999992371, 23.08499981562002, 
10/11/2017 20, 22.7999992371, 22, 22.384905977071696, 
10/11/2017 21, 22, 21.2000007629, 21.614999930065004, 
10/11/2017 22, 21.2000007629, 20.7999992371, 21.073333613070005, 
10/11/2017 23, 20.7999992371, 20.1000003815, 20.465000057216653, 
10/12/2017 00, 20.2999992371, 20.1000003815, 20.158333651236646, 
10/12/2017 01, 20.1000003815, 19.6000003815, 19.735000451384984, 
10/12/2017 02, 19.7000007629, 19.2999992371, 19.62000045774, 
10/12/2017 03, 19.3999996185, 19.1000003815, 19.21166677475666, 
10/12/2017 04, 19.1000003815, 18.7000007629, 18.85166641871, 
10/12/2017 05, 18.7999992371, 18.7000007629, 18.718333816503325, 
10/12/2017 06, 19.2999992371, 18.6000003815, 18.81166693370001, 
10/12/2017 07, 22.2000007629, 19.2999992371, 20.45833320617499, 
10/12/2017 08, 25.6000003815, 22.2000007629, 23.897058655238233, 
10/12/2017 09, 26.1000003815, 24.2000007629, 24.945652298304353, 
10/12/2017 10, 27.3999996185, 25.7999992371, 26.754545442984845, 
10/12/2017 11, 29, 27.5, 28.568333276115002, 
10/12/2017 12, 30.2999992371, 28.8999996185, 29.44833332697334, 
10/12/2017 13, 30.7999992371, 27.8999996185, 29.088333257040002, 
10/12/2017 14, 29, 27.5, 28.409999879205, 
10/12/2017 15, 28.2000007629, 26.7999992371, 27.398039051127462, 
10/12/2017 16, 26.3999996185, 25.6000003815, 26.071111085668882, 
10/12/2017 17, 25.6000003815, 24.2000007629, 24.799999999999994, 
10/12/2017 18, 24.2000007629, 24, 24.07750029566, 
10/12/2017 19, 24, 23.2999992371, 23.67166678109667, 
10/12/2017 20, 23.2999992371, 23.1000003815, 23.206666723899982, 
10/12/2017 21, 23.2999992371, 22.5, 23.001666895541668, 
10/12/2017 22, 22.5, 21.7000007629, 22.023333485906644, 
10/12/2017 23, 21.7000007629, 21.2000007629, 21.42000036238665, 
10/13/2017 00, 21.2000007629, 20.5, 20.863333479561668, 
10/13/2017 01, 20.5, 19.7999992371, 20.175999755850004, 
10/13/2017 02, 20, 19.7000007629, 19.848332913718334, 
10/13/2017 03, 19.7000007629, 19.2999992371, 19.41499967575002, 
10/13/2017 04, 19.2999992371, 19, 19.091666825613334, 
10/13/2017 05, 19.1000003815, 19, 19.05833355587499, 
10/13/2017 06, 19.7000007629, 19, 19.23833347956999, 
10/13/2017 07, 20.7000007629, 19.7000007629, 20.07166671752833, 
10/13/2017 08, 23.2000007629, 20.7999992371, 22.134999942776663, 
10/13/2017 09, 24.7999992371, 23.1000003815, 24.113333288831672, 
10/13/2017 10, 27.2999992371, 24.7000007629, 26.099999904636658, 
10/13/2017 11, 27.5, 26.5, 27.041666698456662, 
10/13/2017 12, 27.8999996185, 26.7999992371, 27.518333180745007, 
10/13/2017 13, 27.7999992371, 26.7000007629, 27.379999923696666, 
10/13/2017 14, 27.7000007629, 26.7999992371, 27.334999847415006, 
10/13/2017 15, 27.8999996185, 26.3999996185, 27.391666730243323, 
10/13/2017 16, 26.3999996185, 24.7999992371, 25.451666768404994, 
10/13/2017 17, 24.7999992371, 23.8999996185, 24.248333104456666, 
10/13/2017 18, 23.8999996185, 23.2999992371, 23.74833313623666, 
10/13/2017 19, 23.2999992371, 22.7000007629, 22.943333498628313, 
10/13/2017 20, 22.7999992371, 22.2999992371, 22.493333212530008, 
10/13/2017 21, 22.5, 21.7000007629, 22.09666643142502, 
10/13/2017 22, 21.7000007629, 21.2999992371, 21.550000190733343, 
10/13/2017 23, 21.2999992371, 20.6000003815, 20.95833352405832, 
10/14/2017 00, 20.6000003815, 20.1000003815, 20.37454560019091, 
10/14/2017 01, 20.2999992371, 20.1000003815, 20.25185175295926, 
10/14/2017 02, 20.2000007629, 20.1000003815, 20.155000591269992, 
10/14/2017 03, 20.1000003815, 20, 20.028333441424998, 
10/14/2017 04, 20.1000003815, 19.7000007629, 19.866666475936675, 
10/14/2017 05, 19.8999996185, 19.7999992371, 19.81860395922093, 
10/14/2017 06, 20.2000007629, 19.7000007629, 19.944444571604432, 
10/14/2017 07, 20.7999992371, 20.2000007629, 20.508333237968348, 
10/14/2017 08, 22.2999992371, 20.7000007629, 21.4033334732, 
10/14/2017 09, 25.1000003815, 22.2000007629, 24.105263157899998, 
10/14/2017 10, 27.2999992371, 26.1000003815, 26.819444285505554, 
10/14/2017 11, 28.5, 27.1000003815, 27.713333384195, 
10/14/2017 12, 29.3999996185, 27.7999992371, 28.615000025436665, 
10/14/2017 13, 29.2999992371, 27, 27.703333409633327, 
10/14/2017 14, 28.2000007629, 27.2000007629, 27.784999942770003, 
10/14/2017 15, 28.1000003815, 26.7999992371, 27.52380947839762, 
10/14/2017 16, 25.7999992371, 25.1000003815, 25.461818244247265, 
10/14/2017 17, 25, 23.2000007629, 23.941666603090013, 
10/14/2017 18, 23.2000007629, 22.5, 22.795454805563647, 
10/14/2017 19, 22.5, 21.5, 21.84545460614317, 
10/14/2017 20, 21.6000003815, 21.3999996185, 21.471794764192314, 
10/14/2017 21, 21.3999996185, 21, 21.11333347956833, 
10/14/2017 22, 21.2999992371, 21, 21.131667105351653, 
10/14/2017 23, 21.2999992371, 21, 21.15666716892, 
10/15/2017 00, 21.1000003815, 21.1000003815, 21.100000381499985, 
10/15/2017 01, 21.1000003815, 20.7000007629, 20.834999752048308, 
10/15/2017 02, 20.7000007629, 20.3999996185, 20.60500040053666, 
10/15/2017 03, 20.5, 20.2999992371, 20.413333002705013, 
10/15/2017 04, 20.5, 20.2000007629, 20.32456106888422, 
10/15/2017 05, 20.2999992371, 20.1000003815, 20.208696075091304, 
10/15/2017 06, 20.2999992371, 20.1000003815, 20.18666731513998, 
10/15/2017 07, 21, 20.2000007629, 20.578333409626662, 
10/15/2017 08, 21.3999996185, 20.8999996185, 21.175000063578352, 
10/15/2017 09, 23.1000003815, 21.5, 22.12333329518, 
10/15/2017 10, 23.8999996185, 22.7000007629, 23.097727125349994, 
10/15/2017 11, 25, 23, 23.533333566452782, 
10/15/2017 12, 26.3999996185, 25, 25.527451047705892, 
10/15/2017 13, 27.3999996185, 25.6000003815, 26.1661018112932, 
10/15/2017 14, 26.8999996185, 25.6000003815, 26.218181783509092, 
10/15/2017 15, 26.3999996185, 25.1000003815, 25.64821430615535, 
10/15/2017 16, 25.1000003815, 23.7999992371, 24.47666660944833, 
10/15/2017 17, 23.7999992371, 22.3999996185, 23.031666755676664, 
10/15/2017 18, 22.3999996185, 21.8999996185, 22.131666692091663, 
10/15/2017 19, 21.8999996185, 21.5, 21.739999930061664, 
10/15/2017 20, 21.5, 20.7000007629, 21.0192306225077, 
10/15/2017 21, 20.7999992371, 20.7000007629, 20.709091533281818, 
10/15/2017 22, 20.8999996185, 20.5, 20.731666374219994, 
10/15/2017 23, 20.3999996185, 19.7000007629, 19.984999815621684, 
10/16/2017 00, 20, 19.7000007629, 19.881666405990007, 
10/16/2017 01, 19.8999996185, 19.6000003815, 19.7230772360641, 
10/16/2017 02, 19.6000003815, 19.5, 19.58500032427499, 
10/16/2017 03, 19.6000003815, 19.2000007629, 19.451666545863347, 
10/16/2017 04, 19.2000007629, 18.7000007629, 18.850000190721673, 
10/16/2017 05, 19, 18.7999992371, 18.906896196543116, 
10/16/2017 06, 19.1000003815, 18.7999992371, 18.905555195280545, 
10/16/2017 07, 19.8999996185, 19.2999992371, 19.49767418795813, 
10/16/2017 08, 22.7000007629, 19.8999996185, 21.011904807314284, 
10/16/2017 09, 23.8999996185, 22.2999992371, 23.381818251176362, 
10/16/2017 10, 25.2000007629, 23.7000007629, 24.578000030517998, 
10/16/2017 11, 26, 25, 25.585000133520005, 
10/16/2017 12, 26.3999996185, 25.3999996185, 25.786666965473323, 
10/16/2017 13, 26.6000003815, 25.7999992371, 26.219999917350005, 
10/16/2017 14, 26.3999996185, 25.2999992371, 25.898333358766664, 
10/16/2017 15, 25.6000003815, 23.7999992371, 24.549999936423337, 
10/16/2017 16, 23.8999996185, 22.7999992371, 23.38913046795435, 
10/16/2017 17, 22.7999992371, 22, 22.27142883484285, 
10/16/2017 18, 22.1000003815, 21.7000007629, 22.01833343507334, 
10/16/2017 19, 21.8999996185, 21.7000007629, 21.769999885560004, 
10/16/2017 20, 21.7000007629, 20.8999996185, 21.246666876464996, 
10/16/2017 21, 20.7999992371, 20.5, 20.671666653966657, 
10/16/2017 22, 20.6000003815, 20.2000007629, 20.376666641219987, 
10/16/2017 23, 20.2000007629, 20, 20.031666787471668, 
10/17/2017 00, 20, 19.3999996185, 19.625000000000004, 
10/17/2017 01, 19.3999996185, 19.2999992371, 19.33333269756668, 
10/17/2017 02, 19.3999996185, 19.2000007629, 19.30344792070689, 
10/17/2017 03, 19.2999992371, 19.1000003815, 19.210000546746656, 
10/17/2017 04, 19.2000007629, 18.8999996185, 19.09736879247369, 
10/17/2017 05, 18.8999996185, 18.7000007629, 18.810344367203445, 
10/17/2017 06, 19.1000003815, 18.7000007629, 18.866666581888893, 
10/17/2017 07, 20.1000003815, 19.2000007629, 19.463461655828848, 
10/17/2017 08, 22.5, 20, 20.710000101726667, 
10/17/2017 09, 24.1000003815, 22.5, 23.345000044506655, 
10/17/2017 10, 25.7999992371, 24, 24.79000031153332, 
10/17/2017 11, 26.1000003815, 25.5, 25.739999694839998, 
10/17/2017 12, 27.6000003815, 26.2000007629, 26.816000061031993, 
10/17/2017 13, 27.2999992371, 26.5, 26.87333332697666, 
10/17/2017 14, 26.7000007629, 25.7999992371, 26.34999975665001, 
10/17/2017 15, 26.6000003815, 25.6000003815, 26.171697976462276, 
10/17/2017 16, 25.2999992371, 24.2999992371, 24.719230761894234, 
10/17/2017 17, 24.3999996185, 23.1000003815, 23.863333257031673, 
10/17/2017 18, 23.1000003815, 22.2000007629, 22.658333237969998, 
10/17/2017 19, 22.2999992371, 21.6000003815, 21.928333536779995, 
10/17/2017 20, 21.7000007629, 21.1000003815, 21.45833352407666, 
10/17/2017 21, 21.1000003815, 20.5, 20.818333403275, 
10/17/2017 22, 20.5, 19.5, 20.03265299116123, 
10/17/2017 23, 19.3999996185, 19.2000007629, 19.302563545053843, 
10/18/2017 00, 19.3999996185, 18.6000003815, 19.146153890169238, 
10/18/2017 01, 18.6000003815, 18, 18.26285732815714, 
10/18/2017 02, 18.1000003815, 17.2000007629, 17.684999879201666, 
10/18/2017 03, 17.2000007629, 16.7000007629, 16.828333218898333, 
10/18/2017 04, 16.7999992371, 15.8000001907, 16.3450000445, 
10/18/2017 05, 16.3999996185, 15.8000001907, 16.035000038128334, 
10/18/2017 06, 16.8999996185, 16.2000007629, 16.499999841044993, 
10/18/2017 07, 19.3999996185, 16.8999996185, 17.778723452955322, 
10/18/2017 08, 22.5, 19.7999992371, 21.581355919269498, 
10/18/2017 09, 24.7000007629, 22.1000003815, 23.73454548228364, 
10/18/2017 10, 27.6000003815, 24.2999992371, 26.2339286123, 
10/18/2017 11, 29.2999992371, 27.2000007629, 27.8981480775074, 
10/18/2017 12, 29.3999996185, 28.3999996185, 28.82941195544118, 
10/18/2017 13, 30, 29.1000003815, 29.60500008264665, 
10/18/2017 14, 30, 28.5, 29.23833347956499, 
10/18/2017 15, 29.1000003815, 27.3999996185, 28.225000063575, 
10/18/2017 16, 27.6000003815, 25.8999996185, 26.989999802900005, 
10/18/2017 17, 25.8999996185, 24.1000003815, 24.80322591720644, 
10/18/2017 18, 24.1000003815, 22.8999996185, 23.523333390548316, 
10/18/2017 19, 22.7999992371, 21.7999992371, 22.342222340891112, 
10/18/2017 20, 21.7000007629, 20.7000007629, 21.185714403785713, 
10/18/2017 21, 20.2000007629, 19.6000003815, 19.8444446281, 
10/18/2017 22, 19.6000003815, 18.7000007629, 19.096666781099987, 
10/18/2017 23, 18.7000007629, 17.8999996185, 18.178333409625004, 
10/19/2017 00, 18.1000003815, 17.2000007629, 17.783333396914998, 
10/19/2017 01, 17.2999992371, 16.8999996185, 17.11499999365, 
10/19/2017 02, 17.1000003815, 16.3999996185, 16.792105223002636, 
10/19/2017 03, 16.7999992371, 15.8999996185, 16.410000181185, 
10/19/2017 04, 16.2000007629, 15.8999996185, 16.105000400545006, 
10/19/2017 05, 16, 15.6000003815, 15.785106313991498, 
10/19/2017 06, 16.2000007629, 15.3999996185, 15.668333419163329, 
10/19/2017 07, 19.7999992371, 16.2999992371, 17.431666692098336, 
10/19/2017 08, 23.1000003815, 19.8999996185, 21.539999961848345, 
10/19/2017 09, 24.2999992371, 22.3999996185, 23.41333322525167, 
10/19/2017 10, 26.1000003815, 23.8999996185, 24.81166661580833, 
10/19/2017 11, 27.8999996185, 25.8999996185, 27.109615435953856, 
10/19/2017 12, 28.7999992371, 27.3999996185, 28.048717938933333, 
10/19/2017 13, 28.3999996185, 28, 28.239999930066677, 
10/19/2017 14, 28.6000003815, 27.3999996185, 27.931666469570008, 
10/19/2017 15, 27.7999992371, 27.3999996185, 27.58666687011665, 
10/19/2017 16, 27.6000003815, 25.2000007629, 26.500000034685453, 
10/19/2017 17, 25.1000003815, 23.2999992371, 24.063333257043343, 
10/19/2017 18, 23.2999992371, 22.6000003815, 22.930000050864987, 
10/19/2017 19, 22.6000003815, 21.7000007629, 22.16333341598499, 
10/19/2017 20, 21.7999992371, 20.7999992371, 21.38305078927289, 
10/19/2017 21, 20.7999992371, 20.2000007629, 20.397435897423073, 
10/19/2017 22, 20.1000003815, 19.5, 19.690196093394114, 
10/19/2017 23, 19.5, 18.6000003815, 19.089473623984208, 
10/20/2017 00, 18.6000003815, 18.1000003815, 18.389999802904995, 
10/20/2017 01, 18.1000003815, 17.2000007629, 17.68833316166833, 
10/20/2017 02, 17.3999996185, 17.1000003815, 17.253333504980002, 
10/20/2017 03, 17.3999996185, 16.7000007629, 17.106666819248332, 
10/20/2017 04, 16.7000007629, 16, 16.26333357492666, 
10/20/2017 05, 16.2000007629, 15.8999996185, 16.08833367029333, 
10/20/2017 06, 16.7000007629, 15.6000003815, 15.91833333968333, 
10/20/2017 07, 20.1000003815, 16.7000007629, 18.04090911691818, 
10/20/2017 08, 22.7000007629, 20.2999992371, 21.273333454124998, 
10/20/2017 09, 24.7999992371, 21.8999996185, 23.317241306963794, 
10/20/2017 10, 26.3999996185, 24.7999992371, 25.338775556924485, 
10/20/2017 11, 27.7000007629, 26.6000003815, 27.24693901684897, 
10/20/2017 12, 28.1000003815, 27.1000003815, 27.54999990463668, 
10/20/2017 13, 27.2999992371, 26.6000003815, 27.00666688283, 
10/20/2017 14, 26.8999996185, 25.7000007629, 26.424999968206667, 
10/20/2017 15, 26.5, 25.2999992371, 25.779999955496674, 
10/20/2017 16, 25.7000007629, 23.5, 24.406666660303333, 
10/20/2017 17, 23.3999996185, 22.7000007629, 23.063635912809083, 
10/20/2017 18, 22.5, 22, 22.385999946588, 
10/20/2017 19, 22, 21.7000007629, 21.77222241294167, 
10/20/2017 20, 21.7999992371, 20.8999996185, 21.32000001271167, 
10/20/2017 21, 21.1000003815, 20.7999992371, 20.948333136236684, 
10/20/2017 22, 20.7999992371, 20.2999992371, 20.509999974553352, 
10/20/2017 23, 20.2999992371, 20, 20.189999834709997, 
10/21/2017 00, 20, 19.3999996185, 19.64999984104167, 
10/21/2017 01, 19.6000003815, 19.1000003815, 19.40833336512333, 
10/21/2017 02, 19.1000003815, 18.2000007629, 18.650000127149994, 
10/21/2017 03, 18.3999996185, 18.2000007629, 18.260465134016282, 
10/21/2017 04, 18.3999996185, 17.8999996185, 18.137735690724526, 
10/21/2017 05, 18.2999992371, 17.8999996185, 18.080645407400002, 
10/21/2017 06, 17.8999996185, 17.2000007629, 17.507142884382144, 
10/21/2017 07, 20.7000007629, 17.8999996185, 19.177777777779998, 
10/21/2017 08, 23.2000007629, 20.7000007629, 22.23461539928077, 
10/21/2017 09, 23.3999996185, 22.2000007629, 22.73999989827667, 
10/21/2017 10, 24.2999992371, 23.2000007629, 23.861666647588336, 
10/21/2017 11, 24.2999992371, 23.3999996185, 23.753333441413325, 
10/21/2017 12, 24.2999992371, 23.5, 23.841666634875, 
10/21/2017 13, 25, 23.7000007629, 24.076666482273335, 
10/21/2017 14, 25.5, 23.8999996185, 24.799999930645452, 
10/21/2017 15, 25.5, 24.3999996185, 24.876363927670905, 
10/21/2017 16, 24.5, 22.8999996185, 23.711764672211764, 
10/21/2017 17, 22.8999996185, 21.6000003815, 22.05882364160393, 
10/21/2017 18, 21.6000003815, 20.6000003815, 21.050000127156654, 
10/21/2017 19, 20.5, 20.1000003815, 20.321666558578315, 
10/21/2017 20, 20.1000003815, 19.7000007629, 19.946666495006685, 
10/21/2017 21, 19.7999992371, 19.3999996185, 19.655000273391668, 
10/21/2017 22, 19.3999996185, 18.5, 18.950000127160003, 
10/21/2017 23, 18.5, 18.2000007629, 18.393333053575, 
10/22/2017 00, 18.2999992371, 18, 18.124000244148007, 
10/22/2017 01, 18.1000003815, 17.8999996185, 18.07142884392857, 
10/22/2017 02, 17.8999996185, 17.6000003815, 17.728333441416655, 
10/22/2017 03, 17.6000003815, 17.2000007629, 17.382353165558825, 
10/22/2017 04, 16.8999996185, 16.7999992371, 16.82142789025714, 
10/22/2017 05, 17.2000007629, 16.8999996185, 17.061666901901663, 
10/22/2017 06, 17.7999992371, 17, 17.28500010172667, 
10/22/2017 07, 18.8999996185, 17.7999992371, 18.084999656678338, 
10/22/2017 08, 21.7999992371, 19, 20.448333454134993, 
10/22/2017 09, 23.2000007629, 21.3999996185, 22.346666495001674, 
10/22/2017 10, 24.6000003815, 22.7999992371, 23.964999961846658, 
10/22/2017 11, 25.7999992371, 24.7999992371, 25.308107994705402, 
10/22/2017 12, 26.2999992371, 25.3999996185, 25.840000120798326, 
10/22/2017 13, 27, 25.7999992371, 26.1555554602, 
10/22/2017 14, 26.6000003815, 25.6000003815, 26.20392178553528, 
10/22/2017 15, 25.7999992371, 24.7999992371, 25.311666679380007, 
10/22/2017 16, 24.7999992371, 23, 23.595000267023316, 
10/22/2017 17, 23, 21.7000007629, 22.27500003178834, 
10/22/2017 18, 21.7000007629, 20.8999996185, 21.11034505119311, 
10/22/2017 19, 20.8999996185, 20.6000003815, 20.803333091733318, 
10/22/2017 20, 20.6000003815, 19.7000007629, 20.096666431435008, 
10/22/2017 21, 19.7000007629, 19.2999992371, 19.482857077460004, 
10/22/2017 22, 19.3999996185, 18.8999996185, 19.083636231858186, 
10/22/2017 23, 19, 18.7999992371, 18.913333002718336, 
10/23/2017 00, 19, 18.7000007629, 18.90999975203501, 
10/23/2017 01, 18.7000007629, 18.2999992371, 18.576666959103346, 
10/23/2017 02, 18.5, 18.2999992371, 18.44833313623667, 
10/23/2017 03, 18.2999992371, 17.7000007629, 18.02166655858334, 
10/23/2017 04, 17.6000003815, 17.2999992371, 17.438709443632252, 
10/23/2017 05, 17.3999996185, 17, 17.2929821014421, 
10/23/2017 06, 17, 16.8999996185, 16.941666444124998, 
10/23/2017 07, 19.1000003815, 17, 17.975000158941665, 
10/23/2017 08, 21.2000007629, 19.1000003815, 20.261666742951668, 
10/23/2017 09, 23, 20.7000007629, 22.05000006357834, 
10/23/2017 10, 24.7999992371, 23, 23.85166670480833, 
10/23/2017 11, 24.6000003815, 23.8999996185, 24.204999923700004, 
10/23/2017 12, 26, 24.3999996185, 25.179999987288344, 
10/23/2017 13, 25.5, 24.2999992371, 24.92127649834681, 
10/23/2017 14, 25.5, 24.7000007629, 25.075555547082224, 
10/23/2017 15, 25.2000007629, 24, 24.436666774746662, 
10/23/2017 16, 24, 22.5, 23.291666571300002, 
10/23/2017 17, 22.3999996185, 20.7999992371, 21.48666661580335, 
10/23/2017 18, 20.7999992371, 20, 20.32666673660499, 
10/23/2017 19, 20, 19, 19.481666533148335, 
10/23/2017 20, 19, 17.6000003815, 18.23666664759667, 
10/23/2017 21, 17.7999992371, 16.7999992371, 17.216666507725, 
10/23/2017 22, 16.7999992371, 15.8000001907, 16.353191558348932, 
10/23/2017 23, 15.8999996185, 15.6000003815, 15.780000003166661, 
10/24/2017 00, 15.6000003815, 14.6000003815, 15.216666634874999, 
10/24/2017 01, 14.8000001907, 14, 14.43653853123461, 
10/24/2017 02, 14.6999998093, 14.3999996185, 14.553846163638463, 
10/24/2017 03, 14.3999996185, 13.8000001907, 14.099999968201674, 
10/24/2017 04, 14, 13.8000001907, 13.866666507689985, 
10/24/2017 05, 13.8999996185, 13.6000003815, 13.773333199820003, 
10/24/2017 06, 13.8999996185, 13.3999996185, 13.581666707994996, 
10/24/2017 07, 16.5, 13.8999996185, 14.884999974571667, 
10/24/2017 08, 19.2999992371, 16.7000007629, 17.781578867060524, 
10/24/2017 09, 21.7000007629, 18.7999992371, 20.84807696708653, 
10/24/2017 10, 23.7000007629, 21.7999992371, 22.36166680653833, 
10/24/2017 11, 24.2000007629, 23.2000007629, 23.78666674295333, 
10/24/2017 12, 25, 23.7999992371, 24.279999987281673, 
10/24/2017 13, 25, 23.7000007629, 24.316666666670002, 
10/24/2017 14, 24.8999996185, 23.8999996185, 24.328333473200004, 
10/24/2017 15, 24.5, 23.1000003815, 23.841666825608332, 
10/24/2017 16, 23.1000003815, 22, 22.66833330791667, 
10/24/2017 17, 22, 20.3999996185, 21.020000044499998, 
10/24/2017 18, 20.5, 19.2000007629, 19.759999910983343, 
10/24/2017 19, 19.2000007629, 18, 18.820370356237042, 
10/24/2017 20, 17.8999996185, 16.7999992371, 17.195348695274426, 
10/24/2017 21, 16.7000007629, 15.6999998093, 16.125000143040005, 
10/24/2017 22, 15.6000003815, 14.8000001907, 14.982608670763042, 
10/24/2017 23, 14.8999996185, 14.1999998093, 14.538333272938335, 
10/25/2017 00, 14.3000001907, 13.5, 13.99666671753501, 
10/25/2017 01, 13.5, 12.8999996185, 13.31333320933667, 
10/25/2017 02, 12.8999996185, 12.5, 12.711666727071664, 
10/25/2017 03, 12.6999998093, 12.1000003815, 12.480357067928567, 
10/25/2017 04, 12.1000003815, 11.5, 11.848214353848206, 
10/25/2017 05, 11.8999996185, 11.1999998093, 11.504999907800006, 
10/25/2017 06, 12.3000001907, 11.5, 11.804999971401662, 
10/25/2017 07, 14.8000001907, 12.3999996185, 13.240000046628891, 
10/25/2017 08, 18.5, 15, 16.92962969674074, 
10/25/2017 09, 20.5, 18.2999992371, 19.318333276115002, 
10/25/2017 10, 22, 20.5, 21.111666838325, 
10/25/2017 11, 23.5, 22, 22.909999942785, 
10/25/2017 12, 23.8999996185, 22.2999992371, 23.083333269759997, 
10/25/2017 13, 24.2000007629, 23.1000003815, 23.495652364647817, 
10/25/2017 14, 23.8999996185, 23.2000007629, 23.405555442520374, 
10/25/2017 15, 23.2000007629, 22, 22.58863648500682, 
10/25/2017 16, 21.3999996185, 20.5, 20.928125083449995, 
10/25/2017 17, 20.3999996185, 19.6000003815, 19.947619074859517, 
10/25/2017 18, 19.2000007629, 18.7999992371, 19.006976770790708, 
10/25/2017 19, 18.7999992371, 17.5, 18.126666736604996, 
10/25/2017 20, 17.5, 17, 17.371666590365006, 
10/25/2017 21, 16.8999996185, 16.1000003815, 16.58833341597333, 
10/25/2017 22, 16.1000003815, 15.3999996185, 15.74666660628334, 
10/25/2017 23, 15.3999996185, 15.1000003815, 15.291836699646927, 
10/26/2017 00, 15.1000003815, 14.6000003815, 14.904166618977074, 
10/26/2017 01, 14.6000003815, 13.8999996185, 14.22499995232167, 
10/26/2017 02, 13.8999996185, 13.6999998093, 13.761290242596777, 
10/26/2017 03, 13.6999998093, 13.3999996185, 13.551020486026534, 
10/26/2017 04, 13.6000003815, 12.8999996185, 13.256666676200005, 
10/26/2017 05, 13, 12.8000001907, 12.88999989825, 
10/26/2017 06, 13.3999996185, 12.8999996185, 13.063333400096665, 
10/26/2017 07, 15.5, 13.3999996185, 14.366666634875, 
10/26/2017 08, 18.5, 15.6000003815, 17.094999980921664, 
10/26/2017 09, 20.7999992371, 18.5, 19.8500001907425, 
10/26/2017 10, 22.1000003815, 20.3999996185, 21.229999860126675, 
10/26/2017 11, 23.2000007629, 21.3999996185, 22.314285652973215, 
10/26/2017 12, 24, 23.5, 23.757499885550008, 
10/26/2017 13, 23.7999992371, 22.7999992371, 23.191666571308335, 
10/26/2017 14, 23.3999996185, 22.6000003815, 23.016666730246666, 
10/26/2017 15, 23, 21.7999992371, 22.219999853761678, 
10/26/2017 16, 21.8999996185, 20.3999996185, 21.045000012710002, 
10/26/2017 17, 20.2999992371, 19.2000007629, 19.701666514083335, 
10/26/2017 18, 19.2000007629, 18.5, 18.812766176585097, 
10/26/2017 19, 18.5, 18, 18.27499972071785, 
10/26/2017 20, 18, 17.6000003815, 17.77567554164865, 
10/26/2017 21, 17.2000007629, 16.6000003815, 16.90869580145217, 
10/26/2017 22, 16.6000003815, 15.8000001907, 16.113333400076677, 
10/26/2017 23, 15.8000001907, 15.3999996185, 15.605263107678946, 
10/27/2017 00, 15.1999998093, 14.6999998093, 14.901851795353716, 
10/27/2017 01, 14.6999998093, 14.1999998093, 14.436666599905, 
10/27/2017 02, 14.8000001907, 14.1999998093, 14.540000009531665, 
10/27/2017 03, 14.8999996185, 14.6000003815, 14.765000057209994, 
10/27/2017 04, 14.6000003815, 14.3999996185, 14.534782741391306, 
10/27/2017 05, 14.1999998093, 13.8000001907, 14.034999918942498, 
10/27/2017 06, 14.3000001907, 13.6999998093, 13.970000012728333, 
10/27/2017 07, 15.6000003815, 14.3000001907, 14.87058815300784, 
10/27/2017 08, 19.2000007629, 17.8999996185, 18.696296338685187, 
10/27/2017 09, 20.7000007629, 18.8999996185, 19.666101617328817, 
10/27/2017 10, 21.8999996185, 20.7000007629, 21.351666800179995, 
10/27/2017 11, 23.6000003815, 21.8999996185, 23.016666698458327, 
10/27/2017 12, 24.7999992371, 23.5, 24.060000133514993, 
10/27/2017 13, 24.2000007629, 23.1000003815, 23.771666622166673, 
10/27/2017 14, 23.7000007629, 22.8999996185, 23.263157894736846, 
10/27/2017 15, 22.8999996185, 21.3999996185, 22.1374998569525, 
10/27/2017 16, 21.3999996185, 20.7999992371, 21.05471697393208, 
10/27/2017 17, 20.7999992371, 19.7000007629, 20.249999858718517, 
10/27/2017 18, 19.7000007629, 19.2000007629, 19.38510622875957, 
10/27/2017 19, 19.2000007629, 18.7000007629, 18.90499992371667, 
10/27/2017 20, 18.7000007629, 18, 18.318333403264994, 
10/27/2017 21, 17.8999996185, 17.5, 17.764999802899993, 
10/27/2017 22, 17.5, 17, 17.228333504983333, 
10/27/2017 23, 17.1000003815, 17, 17.041071585258923, 
10/28/2017 00, 16.7999992371, 16.1000003815, 16.270833571750007, 
10/28/2017 01, 16.1000003815, 15.3000001907, 15.686666679375005, 
10/28/2017 02, 15.3999996185, 15.3000001907, 15.358695507017375, 
10/28/2017 03, 15.6999998093, 15.3000001907, 15.481818307529545, 
10/28/2017 04, 15.8000001907, 15.1999998093, 15.550000015052637, 
10/28/2017 05, 15.3999996185, 15.1999998093, 15.336666456840014, 
10/28/2017 06, 16, 15.3999996185, 15.64000000954001, 
10/28/2017 07, 17, 16, 16.475000095356663, 
10/28/2017 08, 18.3999996185, 17, 17.37833350499334, 
10/28/2017 09, 20.2000007629, 18.3999996185, 19.348333295181664, 
10/28/2017 10, 21.7999992371, 20.1000003815, 20.92083334922292, 
10/28/2017 11, 23.1000003815, 21.2000007629, 21.993333307901672, 
10/28/2017 12, 23.6000003815, 21.8999996185, 22.56666669846167, 
10/28/2017 13, 23.6000003815, 22.2999992371, 22.96666669845666, 
10/28/2017 14, 22.7999992371, 21, 21.709756432507316, 
10/28/2017 15, 22, 21.1000003815, 21.343243624708105, 
10/28/2017 16, 21.2000007629, 20.1000003815, 20.448333390543326, 
10/28/2017 17, 20.1000003815, 19.2999992371, 19.648333295185, 
10/28/2017 18, 19.2999992371, 18.1000003815, 18.53333352407499, 
10/28/2017 19, 18.3999996185, 18.1000003815, 18.256666596733353, 
10/28/2017 20, 18.2999992371, 17.2999992371, 18.00666637422, 
10/28/2017 21, 16.7999992371, 14.8999996185, 15.603389836971182, 
10/28/2017 22, 15.6000003815, 14.5, 14.855000019071664, 
10/28/2017 23, 14.8999996185, 14.3999996185, 14.65102043931429, 
10/29/2017 00, 14.8000001907, 13.8999996185, 14.250980302394124, 
10/29/2017 01, 13.8999996185, 13.3000001907, 13.65000014305333, 
10/29/2017 02, 13.3000001907, 12.3999996185, 12.981666707979995, 
10/29/2017 03, 12.3999996185, 11.8000001907, 12.021666479091667, 
10/29/2017 04, 12, 11.8999996185, 11.944067583228815, 
10/29/2017 05, 11.8999996185, 11.3000001907, 11.626666688915005, 
10/29/2017 06, 12.3999996185, 11.1000003815, 11.460377189339614, 
10/29/2017 07, 15.8999996185, 12.6000003815, 13.923728813559325, 
10/29/2017 08, 18.5, 15.8999996185, 17.381666628511667, 
10/29/2017 09, 19.8999996185, 18.2000007629, 18.79285712468333, 
10/29/2017 10, 22, 20.7999992371, 21.26181820956, 
10/29/2017 11, 23.3999996185, 20.7000007629, 21.828333377834998, 
10/29/2017 12, 23.7999992371, 22.3999996185, 22.941666666665004, 
10/29/2017 13, 23.1000003815, 21.8999996185, 22.49166673025, 
10/29/2017 14, 23, 22.1000003815, 22.561016987949152, 
10/29/2017 15, 23, 20.8999996185, 21.878333187105003, 
10/29/2017 16, 21.7000007629, 19.7999992371, 20.811666584008343, 
10/29/2017 17, 19.7000007629, 18.8999996185, 19.251666641233328, 
10/29/2017 18, 19.1000003815, 19, 19.040000152599998, 
10/29/2017 19, 18, 16.1000003815, 16.55294134101373, 
10/29/2017 20, 16.3999996185, 15.6000003815, 15.913559364062717, 
10/29/2017 21, 16, 15.6999998093, 15.874999777455004, 
10/29/2017 22, 15.8999996185, 15.3999996185, 15.658333349218339, 
10/29/2017 23, 15.5, 14.1000003815, 14.85166664123333, 
10/30/2017 00, 14.3999996185, 13.8999996185, 14.156666660298336, 
10/30/2017 01, 14.1999998093, 14, 14.118965773777585, 
10/30/2017 02, 14, 13, 13.414814790087037, 
10/30/2017 03, 13, 12, 12.372499966617502, 
10/30/2017 04, 12.1000003815, 11.8000001907, 12.027777936733335, 
10/30/2017 05, 11.6999998093, 11.3999996185, 11.498148123422208, 
10/30/2017 06, 12.1000003815, 11.5, 11.738333320625003, 
10/30/2017 07, 14.5, 12.1000003815, 13.086666599903335, 
10/30/2017 08, 17.5, 14.6000003815, 16.105000050858337, 
10/30/2017 09, 19.2000007629, 17, 17.980000019083324, 
10/30/2017 10, 21.2000007629, 18.7000007629, 19.83999999364166, 
10/30/2017 11, 22.7999992371, 21.2000007629, 22.07166662215834, 
10/30/2017 12, 23.5, 22.3999996185, 22.999999968208336, 
10/30/2017 13, 22.8999996185, 22.1000003815, 22.485000133521673, 
10/30/2017 14, 22.3999996185, 21.7000007629, 22.064151044162262, 
10/30/2017 15, 22.5, 20.5, 21.15000007463478, 
10/30/2017 16, 20.5, 19.7000007629, 20.12333323160499, 
10/30/2017 17, 19.7000007629, 18.7999992371, 19.186666584006673, 
10/30/2017 18, 18.7999992371, 17.8999996185, 18.25666669209833, 
10/30/2017 19, 17.8999996185, 16.5, 17.301666800185004, 
10/30/2017 20, 16.5, 15.6999998093, 16.178333504975, 
10/30/2017 21, 15.6999998093, 14.8000001907, 15.065000025418325, 
10/30/2017 22, 14.8000001907, 14.5, 14.587179721943599, 
10/30/2017 23, 14.5, 13.8000001907, 14.169999885553334, 
10/31/2017 00, 13.6999998093, 13.3000001907, 13.393333387354987, 
10/31/2017 01, 13.6999998093, 13.1999998093, 13.558333396930003, 
10/31/2017 02, 13.3999996185, 12.1999998093, 12.7383333683, 
10/31/2017 03, 12.3999996185, 12, 12.058333333339998, 
10/31/2017 04, 13.1000003815, 12.3999996185, 12.89499998091333, 
10/31/2017 05, 13.3999996185, 13, 13.09500013989001, 
10/31/2017 06, 13.6999998093, 13.3000001907, 13.516666666670003, 
10/31/2017 07, 13.5, 13.1000003815, 13.300000047665, 
10/31/2017 08, 13.8999996185, 13.1999998093, 13.48833325703667, 
10/31/2017 09, 15.5, 13.8000001907, 14.706666644411673, 
10/31/2017 10, 15.5, 14.6000003815, 14.846296239792602, 
10/31/2017 11, 15.3999996185, 14.6000003815, 15.028947328263158, 
10/31/2017 12, 17.6000003815, 15.3999996185, 16.514999993654996, 
10/31/2017 13, 17.6000003815, 17.2000007629, 17.349999872836673, 
10/31/2017 14, 17.7000007629, 17.3999996185, 17.55833355586333, 
10/31/2017 15, 17.8999996185, 16.7000007629, 17.231666628516667, 
10/31/2017 16, 17.5, 16.3999996185, 16.936666679374998, 
10/31/2017 17, 16.3999996185, 15.6000003815, 15.901695008994906, 
10/31/2017 18, 15.6999998093, 15.1999998093, 15.44666657448001, 
10/31/2017 19, 15.1999998093, 14.3999996185, 14.891666777941671, 
10/31/2017 20, 14.3999996185, 13.6999998093, 14.113333288823332, 
10/31/2017 21, 13.6999998093, 13.1000003815, 13.366666698459994, 
10/31/2017 22, 13.1000003815, 12.6000003815, 12.851666609451671, 
10/31/2017 23, 12.6000003815, 11.8999996185, 12.251666593548334, 